customer_id,signup_date,city,acquisition_channel,checkout_variant,signup_month
1,2025-03-09,Chennai,paid_social,variant,2025-03
2,2025-07-22,Chennai,organic_search,variant,2025-07
3,2025-05-30,Bengaluru,paid_social,control,2025-05
4,2025-05-12,Bengaluru,organic_search,control,2025-05
5,2025-05-22,Ahmedabad,organic_search,control,2025-05
6,2025-08-24,Kolkata,paid_social,control,2025-08
7,2025-03-08,Hyderabad,email,control,2025-03
8,2025-07-17,Delhi,direct,variant,2025-07
9,2025-04-05,Bengaluru,direct,control,2025-04
10,2025-03-04,Pune,direct,control,2025-03
11,2025-06-08,Pune,direct,variant,2025-06
12,2025-08-22,Delhi,email,variant,2025-08
13,2025-07-18,Mumbai,organic_search,control,2025-07
14,2025-07-12,Hyderabad,email,control,2025-07
15,2025-07-06,Kolkata,organic_search,variant,2025-07
16,2025-07-02,Delhi,organic_search,control,2025-07
17,2025-06-06,Hyderabad,organic_search,variant,2025-06
18,2025-03-05,Delhi,direct,variant,2025-03
19,2025-08-03,Delhi,email,control,2025-08
20,2025-05-19,Pune,referral,variant,2025-05
21,2025-06-02,Bengaluru,referral,control,2025-06
22,2025-05-01,Bengaluru,direct,control,2025-05
23,2025-04-15,Ahmedabad,organic_search,control,2025-04
24,2025-08-06,Delhi,direct,variant,2025-08
25,2025-07-11,Delhi,direct,control,2025-07
26,2025-06-02,Ahmedabad,direct,control,2025-06
27,2025-05-05,Pune,organic_search,variant,2025-05
28,2025-07-11,Mumbai,organic_search,control,2025-07
29,2025-06-18,Hyderabad,referral,variant,2025-06
30,2025-05-11,Pune,organic_search,variant,2025-05
31,2025-05-15,Bengaluru,paid_social,variant,2025-05
32,2025-04-14,Pune,paid_social,variant,2025-04
33,2025-03-08,Chennai,organic_search,variant,2025-03
34,2025-06-06,Bengaluru,organic_search,control,2025-06
35,2025-08-09,Kolkata,referral,variant,2025-08
36,2025-03-01,Hyderabad,direct,variant,2025-03
37,2025-08-17,Ahmedabad,referral,variant,2025-08
38,2025-07-16,Mumbai,organic_search,variant,2025-07
39,2025-04-08,Bengaluru,organic_search,variant,2025-04
40,2025-06-09,Chennai,paid_social,variant,2025-06
41,2025-03-10,Ahmedabad,paid_social,control,2025-03
42,2025-07-17,Delhi,organic_search,control,2025-07
43,2025-07-20,Ahmedabad,direct,variant,2025-07
44,2025-05-03,Delhi,referral,variant,2025-05
45,2025-03-12,Hyderabad,paid_social,control,2025-03
46,2025-07-29,Bengaluru,paid_social,control,2025-07
47,2025-05-12,Hyderabad,paid_social,variant,2025-05
48,2025-08-04,Ahmedabad,organic_search,control,2025-08
49,2025-07-08,Chennai,organic_search,variant,2025-07
50,2025-07-11,Kolkata,paid_social,variant,2025-07
51,2025-07-08,Bengaluru,paid_social,control,2025-07
52,2025-04-11,Ahmedabad,paid_social,control,2025-04
53,2025-05-21,Hyderabad,direct,variant,2025-05
54,2025-05-22,Chennai,organic_search,control,2025-05
55,2025-04-30,Chennai,organic_search,variant,2025-04
56,2025-03-11,Chennai,organic_search,control,2025-03
57,2025-06-22,Pune,organic_search,control,2025-06
58,2025-03-15,Hyderabad,paid_social,control,2025-03
59,2025-07-04,Chennai,direct,variant,2025-07
60,2025-07-15,Ahmedabad,direct,variant,2025-07
61,2025-08-02,Hyderabad,email,variant,2025-08
62,2025-06-29,Pune,paid_social,control,2025-06
63,2025-05-17,Delhi,organic_search,variant,2025-05
64,2025-08-12,Bengaluru,paid_social,control,2025-08
65,2025-05-21,Kolkata,organic_search,variant,2025-05
66,2025-04-09,Chennai,direct,variant,2025-04
67,2025-08-21,Delhi,paid_social,control,2025-08
68,2025-05-11,Pune,organic_search,variant,2025-05
69,2025-03-21,Kolkata,organic_search,control,2025-03
70,2025-05-02,Mumbai,organic_search,control,2025-05
71,2025-07-01,Mumbai,referral,variant,2025-07
72,2025-04-21,Hyderabad,organic_search,variant,2025-04
73,2025-05-23,Chennai,organic_search,control,2025-05
74,2025-03-27,Bengaluru,organic_search,variant,2025-03
75,2025-07-08,Kolkata,direct,control,2025-07
76,2025-04-30,Kolkata,paid_social,variant,2025-04
77,2025-04-27,Pune,email,variant,2025-04
78,2025-04-16,Hyderabad,paid_social,control,2025-04
79,2025-06-05,Mumbai,organic_search,variant,2025-06
80,2025-07-20,Kolkata,direct,variant,2025-07
81,2025-08-23,Ahmedabad,organic_search,variant,2025-08
82,2025-05-07,Hyderabad,organic_search,control,2025-05
83,2025-03-22,Pune,paid_social,control,2025-03
84,2025-07-21,Kolkata,organic_search,variant,2025-07
85,2025-06-13,Chennai,organic_search,variant,2025-06
86,2025-07-16,Delhi,direct,variant,2025-07
87,2025-03-08,Chennai,paid_social,variant,2025-03
88,2025-04-26,Ahmedabad,organic_search,variant,2025-04
89,2025-07-26,Kolkata,organic_search,control,2025-07
90,2025-07-26,Hyderabad,email,control,2025-07
91,2025-05-20,Pune,organic_search,variant,2025-05
92,2025-06-30,Bengaluru,organic_search,control,2025-06
93,2025-08-08,Chennai,email,control,2025-08
94,2025-05-12,Delhi,email,variant,2025-05
95,2025-08-24,Bengaluru,referral,variant,2025-08
96,2025-04-15,Bengaluru,paid_social,variant,2025-04
97,2025-04-15,Bengaluru,organic_search,control,2025-04
98,2025-07-03,Bengaluru,paid_social,variant,2025-07
99,2025-06-21,Mumbai,email,control,2025-06
100,2025-03-10,Chennai,organic_search,control,2025-03
101,2025-07-01,Hyderabad,paid_social,variant,2025-07
102,2025-04-27,Ahmedabad,organic_search,variant,2025-04
103,2025-07-04,Delhi,direct,variant,2025-07
104,2025-03-01,Chennai,direct,variant,2025-03
105,2025-07-01,Delhi,paid_social,variant,2025-07
106,2025-07-11,Pune,referral,control,2025-07
107,2025-07-01,Hyderabad,referral,control,2025-07
108,2025-06-22,Hyderabad,organic_search,variant,2025-06
109,2025-05-14,Chennai,paid_social,variant,2025-05
110,2025-07-08,Kolkata,email,control,2025-07
111,2025-03-31,Bengaluru,organic_search,control,2025-03
112,2025-07-12,Kolkata,paid_social,control,2025-07
113,2025-06-03,Delhi,organic_search,control,2025-06
114,2025-05-27,Bengaluru,referral,variant,2025-05
115,2025-06-07,Bengaluru,paid_social,control,2025-06
116,2025-06-12,Ahmedabad,direct,control,2025-06
117,2025-03-01,Mumbai,paid_social,variant,2025-03
118,2025-03-04,Hyderabad,organic_search,variant,2025-03
119,2025-04-05,Hyderabad,direct,control,2025-04
120,2025-03-02,Kolkata,organic_search,control,2025-03
121,2025-05-20,Hyderabad,organic_search,control,2025-05
122,2025-07-25,Ahmedabad,paid_social,control,2025-07
123,2025-06-26,Chennai,email,control,2025-06
124,2025-05-07,Chennai,organic_search,control,2025-05
125,2025-08-20,Kolkata,organic_search,control,2025-08
126,2025-06-13,Delhi,organic_search,control,2025-06
127,2025-03-02,Hyderabad,organic_search,control,2025-03
128,2025-07-01,Pune,organic_search,variant,2025-07
129,2025-06-14,Delhi,paid_social,control,2025-06
130,2025-06-10,Mumbai,organic_search,control,2025-06
131,2025-05-30,Delhi,organic_search,variant,2025-05
132,2025-06-25,Kolkata,email,control,2025-06
133,2025-03-21,Chennai,email,control,2025-03
134,2025-06-13,Bengaluru,organic_search,variant,2025-06
135,2025-07-26,Chennai,organic_search,variant,2025-07
136,2025-04-27,Chennai,organic_search,control,2025-04
137,2025-06-26,Kolkata,referral,variant,2025-06
138,2025-03-08,Ahmedabad,organic_search,variant,2025-03
139,2025-05-24,Ahmedabad,organic_search,control,2025-05
140,2025-05-14,Delhi,paid_social,control,2025-05
141,2025-08-18,Kolkata,organic_search,control,2025-08
142,2025-04-24,Hyderabad,organic_search,variant,2025-04
143,2025-04-04,Hyderabad,organic_search,control,2025-04
144,2025-05-12,Chennai,email,control,2025-05
145,2025-08-01,Pune,email,variant,2025-08
146,2025-08-05,Hyderabad,email,variant,2025-08
147,2025-03-12,Ahmedabad,direct,control,2025-03
148,2025-04-23,Delhi,organic_search,control,2025-04
149,2025-07-23,Mumbai,referral,control,2025-07
150,2025-03-11,Mumbai,email,variant,2025-03
151,2025-08-07,Kolkata,direct,control,2025-08
152,2025-04-14,Hyderabad,email,variant,2025-04
153,2025-08-23,Hyderabad,paid_social,control,2025-08
154,2025-04-27,Chennai,organic_search,control,2025-04
155,2025-05-06,Hyderabad,paid_social,control,2025-05
156,2025-06-04,Pune,organic_search,control,2025-06
157,2025-03-20,Mumbai,paid_social,control,2025-03
158,2025-06-07,Delhi,organic_search,variant,2025-06
159,2025-06-04,Ahmedabad,organic_search,control,2025-06
160,2025-06-29,Hyderabad,referral,variant,2025-06
161,2025-08-09,Delhi,email,control,2025-08
162,2025-06-09,Bengaluru,paid_social,variant,2025-06
163,2025-05-15,Bengaluru,organic_search,control,2025-05
164,2025-05-05,Bengaluru,paid_social,variant,2025-05
165,2025-05-20,Bengaluru,direct,control,2025-05
166,2025-07-18,Chennai,email,variant,2025-07
167,2025-04-12,Mumbai,email,variant,2025-04
168,2025-04-05,Bengaluru,paid_social,variant,2025-04
169,2025-05-14,Hyderabad,organic_search,variant,2025-05
170,2025-03-19,Pune,email,control,2025-03
171,2025-03-11,Ahmedabad,referral,variant,2025-03
172,2025-03-08,Ahmedabad,paid_social,control,2025-03
173,2025-07-13,Bengaluru,paid_social,variant,2025-07
174,2025-07-08,Pune,paid_social,control,2025-07
175,2025-07-10,Mumbai,paid_social,control,2025-07
176,2025-05-09,Pune,referral,variant,2025-05
177,2025-07-07,Delhi,email,control,2025-07
178,2025-03-21,Mumbai,paid_social,variant,2025-03
179,2025-08-10,Chennai,paid_social,control,2025-08
180,2025-06-12,Delhi,paid_social,variant,2025-06
181,2025-08-16,Hyderabad,organic_search,variant,2025-08
182,2025-03-11,Mumbai,paid_social,variant,2025-03
183,2025-05-02,Chennai,direct,control,2025-05
184,2025-07-22,Kolkata,email,control,2025-07
185,2025-05-01,Pune,organic_search,control,2025-05
186,2025-05-16,Kolkata,email,control,2025-05
187,2025-03-08,Hyderabad,email,variant,2025-03
188,2025-05-05,Delhi,organic_search,control,2025-05
189,2025-04-01,Delhi,email,control,2025-04
190,2025-04-25,Delhi,email,control,2025-04
191,2025-07-11,Delhi,direct,variant,2025-07
192,2025-06-08,Bengaluru,organic_search,control,2025-06
193,2025-06-19,Delhi,organic_search,control,2025-06
194,2025-05-01,Pune,paid_social,control,2025-05
195,2025-08-13,Delhi,organic_search,control,2025-08
196,2025-03-14,Pune,paid_social,variant,2025-03
197,2025-05-15,Bengaluru,direct,control,2025-05
198,2025-03-04,Chennai,organic_search,variant,2025-03
199,2025-05-26,Pune,paid_social,variant,2025-05
200,2025-08-04,Ahmedabad,referral,variant,2025-08
201,2025-05-18,Hyderabad,paid_social,variant,2025-05
202,2025-08-18,Bengaluru,paid_social,variant,2025-08
203,2025-05-09,Pune,paid_social,control,2025-05
204,2025-07-02,Chennai,organic_search,control,2025-07
205,2025-05-08,Hyderabad,organic_search,variant,2025-05
206,2025-04-22,Pune,email,variant,2025-04
207,2025-07-24,Hyderabad,paid_social,variant,2025-07
208,2025-08-24,Bengaluru,organic_search,control,2025-08
209,2025-04-06,Bengaluru,organic_search,control,2025-04
210,2025-07-15,Ahmedabad,direct,control,2025-07
211,2025-04-04,Chennai,organic_search,control,2025-04
212,2025-07-18,Mumbai,email,control,2025-07
213,2025-07-10,Ahmedabad,paid_social,control,2025-07
214,2025-05-19,Chennai,paid_social,variant,2025-05
215,2025-07-18,Mumbai,organic_search,variant,2025-07
216,2025-04-27,Chennai,organic_search,variant,2025-04
217,2025-03-14,Pune,paid_social,variant,2025-03
218,2025-03-10,Ahmedabad,email,control,2025-03
219,2025-05-14,Hyderabad,organic_search,control,2025-05
220,2025-08-02,Pune,paid_social,variant,2025-08
221,2025-03-04,Bengaluru,paid_social,variant,2025-03
222,2025-05-14,Bengaluru,organic_search,variant,2025-05
223,2025-07-22,Pune,paid_social,variant,2025-07
224,2025-04-14,Kolkata,organic_search,variant,2025-04
225,2025-07-20,Ahmedabad,paid_social,variant,2025-07
226,2025-04-04,Kolkata,organic_search,variant,2025-04
227,2025-07-11,Pune,paid_social,variant,2025-07
228,2025-06-16,Pune,organic_search,control,2025-06
229,2025-06-08,Bengaluru,paid_social,control,2025-06
230,2025-03-31,Kolkata,paid_social,control,2025-03
231,2025-05-02,Bengaluru,referral,variant,2025-05
232,2025-08-23,Bengaluru,paid_social,variant,2025-08
233,2025-03-17,Kolkata,direct,control,2025-03
234,2025-07-06,Pune,organic_search,control,2025-07
235,2025-05-07,Bengaluru,paid_social,variant,2025-05
236,2025-06-30,Kolkata,organic_search,control,2025-06
237,2025-06-25,Ahmedabad,paid_social,variant,2025-06
238,2025-05-03,Bengaluru,email,control,2025-05
239,2025-04-21,Pune,direct,control,2025-04
240,2025-06-05,Hyderabad,paid_social,control,2025-06
241,2025-03-10,Chennai,email,control,2025-03
242,2025-06-06,Ahmedabad,organic_search,control,2025-06
243,2025-03-24,Pune,organic_search,control,2025-03
244,2025-05-30,Kolkata,direct,control,2025-05
245,2025-06-08,Pune,organic_search,control,2025-06
246,2025-03-08,Ahmedabad,organic_search,variant,2025-03
247,2025-07-06,Hyderabad,referral,control,2025-07
248,2025-05-05,Hyderabad,referral,control,2025-05
249,2025-07-24,Hyderabad,email,control,2025-07
250,2025-03-11,Ahmedabad,paid_social,variant,2025-03
251,2025-04-11,Pune,direct,variant,2025-04
252,2025-05-10,Delhi,organic_search,variant,2025-05
253,2025-04-27,Mumbai,paid_social,variant,2025-04
254,2025-04-09,Pune,paid_social,control,2025-04
255,2025-06-08,Kolkata,referral,variant,2025-06
256,2025-03-10,Hyderabad,referral,control,2025-03
257,2025-07-08,Pune,email,variant,2025-07
258,2025-03-03,Kolkata,organic_search,control,2025-03
259,2025-04-16,Pune,paid_social,control,2025-04
260,2025-05-30,Ahmedabad,organic_search,variant,2025-05
261,2025-07-05,Chennai,direct,variant,2025-07
262,2025-04-05,Chennai,organic_search,variant,2025-04
263,2025-04-08,Kolkata,organic_search,control,2025-04
264,2025-08-19,Chennai,email,control,2025-08
265,2025-08-14,Mumbai,paid_social,control,2025-08
266,2025-06-26,Hyderabad,direct,control,2025-06
267,2025-05-09,Delhi,organic_search,control,2025-05
268,2025-05-25,Pune,direct,control,2025-05
269,2025-05-31,Delhi,organic_search,variant,2025-05
270,2025-06-13,Pune,organic_search,control,2025-06
271,2025-04-22,Bengaluru,paid_social,variant,2025-04
272,2025-03-15,Mumbai,organic_search,variant,2025-03
273,2025-03-27,Mumbai,paid_social,variant,2025-03
274,2025-08-06,Pune,organic_search,control,2025-08
275,2025-04-30,Mumbai,organic_search,control,2025-04
276,2025-05-21,Kolkata,email,control,2025-05
277,2025-05-01,Kolkata,organic_search,variant,2025-05
278,2025-07-20,Chennai,email,control,2025-07
279,2025-03-21,Delhi,email,control,2025-03
280,2025-03-24,Kolkata,organic_search,variant,2025-03
281,2025-04-13,Chennai,direct,variant,2025-04
282,2025-05-25,Hyderabad,organic_search,variant,2025-05
283,2025-07-03,Mumbai,paid_social,control,2025-07
284,2025-05-12,Pune,organic_search,variant,2025-05
285,2025-05-03,Kolkata,direct,control,2025-05
286,2025-08-19,Mumbai,paid_social,control,2025-08
287,2025-03-20,Mumbai,paid_social,variant,2025-03
288,2025-06-21,Hyderabad,referral,variant,2025-06
289,2025-06-20,Pune,organic_search,control,2025-06
290,2025-05-08,Hyderabad,direct,control,2025-05
291,2025-06-30,Hyderabad,email,control,2025-06
292,2025-04-26,Bengaluru,referral,variant,2025-04
293,2025-08-11,Mumbai,referral,variant,2025-08
294,2025-04-02,Mumbai,referral,control,2025-04
295,2025-06-24,Mumbai,organic_search,control,2025-06
296,2025-06-26,Chennai,direct,variant,2025-06
297,2025-08-10,Kolkata,direct,variant,2025-08
298,2025-05-21,Hyderabad,email,control,2025-05
299,2025-04-01,Mumbai,organic_search,variant,2025-04
300,2025-03-03,Hyderabad,referral,variant,2025-03
301,2025-05-07,Ahmedabad,organic_search,control,2025-05
302,2025-07-17,Delhi,paid_social,variant,2025-07
303,2025-03-04,Hyderabad,paid_social,variant,2025-03
304,2025-07-29,Pune,organic_search,variant,2025-07
305,2025-06-17,Bengaluru,email,variant,2025-06
306,2025-03-22,Hyderabad,organic_search,variant,2025-03
307,2025-04-20,Hyderabad,email,variant,2025-04
308,2025-06-21,Hyderabad,direct,control,2025-06
309,2025-04-22,Chennai,organic_search,variant,2025-04
310,2025-03-17,Pune,email,control,2025-03
311,2025-06-13,Mumbai,organic_search,control,2025-06
312,2025-07-22,Mumbai,direct,control,2025-07
313,2025-03-10,Hyderabad,referral,variant,2025-03
314,2025-04-02,Ahmedabad,organic_search,variant,2025-04
315,2025-04-21,Mumbai,email,variant,2025-04
316,2025-06-06,Mumbai,paid_social,variant,2025-06
317,2025-07-26,Chennai,paid_social,control,2025-07
318,2025-07-10,Hyderabad,email,variant,2025-07
319,2025-08-21,Delhi,paid_social,variant,2025-08
320,2025-06-30,Delhi,email,control,2025-06
321,2025-04-18,Chennai,organic_search,variant,2025-04
322,2025-03-13,Pune,paid_social,variant,2025-03
323,2025-06-11,Chennai,direct,control,2025-06
324,2025-08-05,Bengaluru,organic_search,variant,2025-08
325,2025-08-25,Pune,paid_social,control,2025-08
326,2025-04-10,Kolkata,organic_search,control,2025-04
327,2025-04-23,Bengaluru,direct,control,2025-04
328,2025-03-12,Hyderabad,paid_social,control,2025-03
329,2025-03-02,Delhi,paid_social,control,2025-03
330,2025-06-23,Chennai,organic_search,variant,2025-06
331,2025-06-04,Mumbai,paid_social,control,2025-06
332,2025-05-07,Delhi,referral,variant,2025-05
333,2025-04-24,Chennai,paid_social,variant,2025-04
334,2025-07-24,Mumbai,paid_social,control,2025-07
335,2025-05-25,Ahmedabad,email,control,2025-05
336,2025-07-10,Hyderabad,paid_social,variant,2025-07
337,2025-08-19,Hyderabad,paid_social,variant,2025-08
338,2025-04-09,Pune,organic_search,variant,2025-04
339,2025-04-20,Chennai,organic_search,control,2025-04
340,2025-08-12,Hyderabad,email,variant,2025-08
341,2025-05-31,Ahmedabad,direct,variant,2025-05
342,2025-04-11,Ahmedabad,referral,variant,2025-04
343,2025-06-12,Delhi,direct,control,2025-06
344,2025-06-06,Chennai,paid_social,variant,2025-06
345,2025-08-08,Bengaluru,organic_search,control,2025-08
346,2025-04-14,Ahmedabad,email,variant,2025-04
347,2025-07-30,Bengaluru,referral,variant,2025-07
348,2025-08-02,Bengaluru,email,variant,2025-08
349,2025-04-21,Chennai,paid_social,control,2025-04
350,2025-03-10,Kolkata,email,variant,2025-03
351,2025-06-16,Delhi,direct,control,2025-06
352,2025-03-16,Pune,referral,control,2025-03
353,2025-04-15,Bengaluru,direct,variant,2025-04
354,2025-05-11,Pune,paid_social,variant,2025-05
355,2025-08-11,Pune,organic_search,control,2025-08
356,2025-08-21,Ahmedabad,paid_social,variant,2025-08
357,2025-03-28,Ahmedabad,organic_search,control,2025-03
358,2025-08-05,Chennai,referral,variant,2025-08
359,2025-03-19,Chennai,paid_social,variant,2025-03
360,2025-07-26,Ahmedabad,paid_social,variant,2025-07
361,2025-07-29,Delhi,organic_search,variant,2025-07
362,2025-08-19,Chennai,email,variant,2025-08
363,2025-04-13,Kolkata,paid_social,control,2025-04
364,2025-08-25,Delhi,organic_search,variant,2025-08
365,2025-03-17,Ahmedabad,direct,control,2025-03
366,2025-06-22,Chennai,paid_social,control,2025-06
367,2025-05-04,Bengaluru,paid_social,variant,2025-05
368,2025-04-03,Hyderabad,organic_search,control,2025-04
369,2025-03-26,Hyderabad,paid_social,control,2025-03
370,2025-07-13,Ahmedabad,email,variant,2025-07
371,2025-05-15,Ahmedabad,direct,control,2025-05
372,2025-06-03,Kolkata,organic_search,control,2025-06
373,2025-05-06,Chennai,referral,control,2025-05
374,2025-05-22,Mumbai,email,control,2025-05
375,2025-08-06,Ahmedabad,organic_search,variant,2025-08
376,2025-03-17,Delhi,organic_search,variant,2025-03
377,2025-07-07,Delhi,organic_search,variant,2025-07
378,2025-07-06,Mumbai,direct,control,2025-07
379,2025-05-04,Ahmedabad,organic_search,variant,2025-05
380,2025-04-26,Hyderabad,paid_social,control,2025-04
381,2025-03-27,Delhi,email,variant,2025-03
382,2025-08-01,Mumbai,direct,variant,2025-08
383,2025-08-07,Hyderabad,email,control,2025-08
384,2025-04-15,Chennai,direct,variant,2025-04
385,2025-03-11,Ahmedabad,organic_search,variant,2025-03
386,2025-03-21,Pune,direct,control,2025-03
387,2025-03-08,Pune,organic_search,variant,2025-03
388,2025-06-30,Kolkata,organic_search,variant,2025-06
389,2025-08-07,Ahmedabad,referral,control,2025-08
390,2025-03-17,Bengaluru,organic_search,control,2025-03
391,2025-07-04,Ahmedabad,organic_search,variant,2025-07
392,2025-04-22,Pune,email,variant,2025-04
393,2025-04-30,Ahmedabad,organic_search,variant,2025-04
394,2025-05-31,Mumbai,organic_search,variant,2025-05
395,2025-07-13,Mumbai,email,variant,2025-07
396,2025-08-12,Ahmedabad,direct,control,2025-08
397,2025-03-09,Chennai,direct,control,2025-03
398,2025-04-07,Delhi,organic_search,control,2025-04
399,2025-04-01,Ahmedabad,paid_social,variant,2025-04
400,2025-04-18,Mumbai,direct,variant,2025-04
401,2025-08-08,Chennai,organic_search,variant,2025-08
402,2025-07-02,Delhi,organic_search,control,2025-07
403,2025-04-11,Mumbai,organic_search,variant,2025-04
404,2025-08-24,Kolkata,paid_social,variant,2025-08
405,2025-05-07,Kolkata,organic_search,control,2025-05
406,2025-06-24,Mumbai,email,control,2025-06
407,2025-05-07,Mumbai,referral,variant,2025-05
408,2025-03-06,Pune,organic_search,variant,2025-03
409,2025-08-05,Mumbai,email,variant,2025-08
410,2025-03-10,Chennai,organic_search,control,2025-03
411,2025-04-03,Ahmedabad,organic_search,variant,2025-04
412,2025-04-16,Kolkata,direct,control,2025-04
413,2025-04-09,Delhi,paid_social,control,2025-04
414,2025-03-21,Delhi,referral,variant,2025-03
415,2025-03-14,Chennai,paid_social,control,2025-03
416,2025-07-11,Mumbai,organic_search,variant,2025-07
417,2025-08-11,Pune,paid_social,control,2025-08
418,2025-03-05,Hyderabad,organic_search,control,2025-03
419,2025-04-19,Chennai,direct,control,2025-04
420,2025-06-01,Delhi,email,variant,2025-06
421,2025-08-18,Kolkata,organic_search,control,2025-08
422,2025-07-26,Chennai,paid_social,control,2025-07
423,2025-07-20,Delhi,email,control,2025-07
424,2025-06-11,Bengaluru,direct,control,2025-06
425,2025-05-08,Mumbai,organic_search,variant,2025-05
426,2025-04-24,Hyderabad,organic_search,control,2025-04
427,2025-08-05,Bengaluru,organic_search,control,2025-08
428,2025-07-12,Mumbai,paid_social,variant,2025-07
429,2025-03-22,Pune,paid_social,control,2025-03
430,2025-07-24,Pune,organic_search,variant,2025-07
431,2025-03-26,Mumbai,paid_social,control,2025-03
432,2025-07-01,Delhi,paid_social,variant,2025-07
433,2025-07-24,Mumbai,organic_search,control,2025-07
434,2025-03-04,Chennai,referral,control,2025-03
435,2025-05-16,Bengaluru,paid_social,control,2025-05
436,2025-03-27,Mumbai,paid_social,variant,2025-03
437,2025-06-17,Delhi,paid_social,control,2025-06
438,2025-08-24,Ahmedabad,organic_search,variant,2025-08
439,2025-03-10,Bengaluru,direct,variant,2025-03
440,2025-05-08,Chennai,paid_social,control,2025-05
441,2025-08-07,Hyderabad,paid_social,control,2025-08
442,2025-04-09,Delhi,referral,control,2025-04
443,2025-03-20,Bengaluru,direct,variant,2025-03
444,2025-05-12,Mumbai,direct,variant,2025-05
445,2025-06-19,Chennai,organic_search,variant,2025-06
446,2025-06-10,Bengaluru,organic_search,control,2025-06
447,2025-04-08,Hyderabad,email,variant,2025-04
448,2025-08-03,Delhi,paid_social,control,2025-08
449,2025-06-14,Kolkata,email,control,2025-06
450,2025-04-25,Delhi,direct,control,2025-04
451,2025-08-22,Pune,organic_search,control,2025-08
452,2025-08-05,Kolkata,organic_search,variant,2025-08
453,2025-05-13,Chennai,paid_social,variant,2025-05
454,2025-03-20,Pune,organic_search,control,2025-03
455,2025-06-16,Ahmedabad,email,control,2025-06
456,2025-05-31,Delhi,email,variant,2025-05
457,2025-03-17,Ahmedabad,paid_social,variant,2025-03
458,2025-05-31,Pune,email,control,2025-05
459,2025-08-01,Hyderabad,paid_social,control,2025-08
460,2025-03-19,Bengaluru,email,variant,2025-03
461,2025-07-01,Chennai,organic_search,variant,2025-07
462,2025-03-10,Ahmedabad,email,variant,2025-03
463,2025-07-15,Chennai,email,control,2025-07
464,2025-05-18,Mumbai,organic_search,variant,2025-05
465,2025-03-13,Hyderabad,paid_social,control,2025-03
466,2025-07-31,Chennai,direct,variant,2025-07
467,2025-03-23,Hyderabad,organic_search,control,2025-03
468,2025-06-25,Kolkata,email,control,2025-06
469,2025-04-24,Chennai,referral,control,2025-04
470,2025-08-18,Mumbai,direct,control,2025-08
471,2025-07-10,Pune,paid_social,control,2025-07
472,2025-07-23,Delhi,email,variant,2025-07
473,2025-05-13,Hyderabad,referral,variant,2025-05
474,2025-05-03,Hyderabad,paid_social,variant,2025-05
475,2025-06-22,Kolkata,organic_search,control,2025-06
476,2025-07-07,Kolkata,organic_search,control,2025-07
477,2025-08-24,Hyderabad,direct,control,2025-08
478,2025-03-11,Pune,paid_social,control,2025-03
479,2025-06-23,Chennai,organic_search,control,2025-06
480,2025-03-16,Chennai,organic_search,variant,2025-03
481,2025-04-13,Chennai,direct,variant,2025-04
482,2025-07-07,Kolkata,paid_social,control,2025-07
483,2025-04-23,Ahmedabad,direct,variant,2025-04
484,2025-06-30,Kolkata,email,variant,2025-06
485,2025-05-13,Delhi,referral,control,2025-05
486,2025-04-10,Hyderabad,direct,variant,2025-04
487,2025-05-15,Hyderabad,organic_search,control,2025-05
488,2025-06-06,Pune,email,control,2025-06
489,2025-07-17,Pune,organic_search,variant,2025-07
490,2025-06-09,Chennai,referral,variant,2025-06
491,2025-08-03,Hyderabad,organic_search,control,2025-08
492,2025-08-03,Bengaluru,email,control,2025-08
493,2025-07-18,Hyderabad,direct,variant,2025-07
494,2025-06-06,Kolkata,organic_search,control,2025-06
495,2025-04-08,Bengaluru,direct,variant,2025-04
496,2025-05-17,Mumbai,organic_search,variant,2025-05
497,2025-03-10,Ahmedabad,paid_social,control,2025-03
498,2025-05-10,Delhi,paid_social,variant,2025-05
499,2025-08-04,Pune,paid_social,variant,2025-08
500,2025-05-09,Kolkata,paid_social,variant,2025-05
501,2025-03-20,Bengaluru,referral,control,2025-03
502,2025-06-13,Bengaluru,organic_search,control,2025-06
503,2025-08-25,Bengaluru,paid_social,control,2025-08
504,2025-08-19,Delhi,direct,variant,2025-08
505,2025-03-31,Delhi,direct,variant,2025-03
506,2025-05-10,Delhi,organic_search,variant,2025-05
507,2025-06-07,Hyderabad,referral,variant,2025-06
508,2025-04-16,Pune,organic_search,control,2025-04
509,2025-04-07,Mumbai,paid_social,control,2025-04
510,2025-04-27,Kolkata,paid_social,variant,2025-04
511,2025-08-06,Chennai,direct,variant,2025-08
512,2025-07-13,Mumbai,organic_search,variant,2025-07
513,2025-08-01,Kolkata,organic_search,control,2025-08
514,2025-07-24,Mumbai,direct,control,2025-07
515,2025-08-23,Pune,organic_search,variant,2025-08
516,2025-03-23,Hyderabad,paid_social,control,2025-03
517,2025-08-07,Pune,email,control,2025-08
518,2025-03-02,Ahmedabad,email,variant,2025-03
519,2025-05-19,Ahmedabad,organic_search,variant,2025-05
520,2025-06-11,Bengaluru,organic_search,variant,2025-06
521,2025-05-27,Pune,referral,variant,2025-05
522,2025-03-20,Ahmedabad,paid_social,variant,2025-03
523,2025-04-15,Chennai,organic_search,control,2025-04
524,2025-07-26,Ahmedabad,organic_search,control,2025-07
525,2025-04-22,Hyderabad,organic_search,variant,2025-04
526,2025-04-12,Bengaluru,referral,control,2025-04
527,2025-07-29,Pune,organic_search,variant,2025-07
528,2025-03-03,Kolkata,organic_search,variant,2025-03
529,2025-08-10,Ahmedabad,paid_social,control,2025-08
530,2025-08-13,Chennai,organic_search,variant,2025-08
531,2025-05-30,Chennai,organic_search,variant,2025-05
532,2025-03-04,Pune,referral,control,2025-03
533,2025-03-20,Bengaluru,email,control,2025-03
534,2025-04-21,Hyderabad,organic_search,variant,2025-04
535,2025-05-30,Hyderabad,paid_social,control,2025-05
536,2025-03-15,Kolkata,organic_search,control,2025-03
537,2025-05-02,Pune,organic_search,variant,2025-05
538,2025-03-21,Kolkata,paid_social,variant,2025-03
539,2025-06-22,Mumbai,paid_social,variant,2025-06
540,2025-03-25,Kolkata,email,variant,2025-03
541,2025-07-15,Pune,direct,variant,2025-07
542,2025-03-18,Ahmedabad,organic_search,control,2025-03
543,2025-04-25,Hyderabad,referral,control,2025-04
544,2025-04-17,Hyderabad,paid_social,variant,2025-04
545,2025-07-11,Delhi,organic_search,control,2025-07
546,2025-03-22,Kolkata,direct,variant,2025-03
547,2025-05-16,Chennai,organic_search,variant,2025-05
548,2025-06-22,Kolkata,paid_social,control,2025-06
549,2025-06-13,Mumbai,email,variant,2025-06
550,2025-07-23,Delhi,organic_search,variant,2025-07
551,2025-06-30,Ahmedabad,direct,variant,2025-06
552,2025-05-01,Mumbai,organic_search,control,2025-05
553,2025-07-01,Pune,direct,variant,2025-07
554,2025-04-15,Hyderabad,organic_search,control,2025-04
555,2025-08-17,Ahmedabad,organic_search,variant,2025-08
556,2025-06-05,Kolkata,paid_social,variant,2025-06
557,2025-07-03,Ahmedabad,direct,control,2025-07
558,2025-08-22,Bengaluru,organic_search,control,2025-08
559,2025-07-20,Pune,direct,variant,2025-07
560,2025-08-16,Chennai,organic_search,variant,2025-08
561,2025-06-12,Ahmedabad,paid_social,control,2025-06
562,2025-03-12,Mumbai,paid_social,variant,2025-03
563,2025-04-30,Ahmedabad,organic_search,variant,2025-04
564,2025-04-05,Bengaluru,referral,control,2025-04
565,2025-08-23,Delhi,paid_social,variant,2025-08
566,2025-04-09,Pune,email,control,2025-04
567,2025-04-19,Kolkata,paid_social,control,2025-04
568,2025-04-19,Delhi,paid_social,variant,2025-04
569,2025-06-07,Mumbai,email,control,2025-06
570,2025-06-04,Ahmedabad,direct,variant,2025-06
571,2025-08-17,Ahmedabad,email,variant,2025-08
572,2025-05-02,Delhi,paid_social,variant,2025-05
573,2025-04-13,Ahmedabad,email,control,2025-04
574,2025-03-25,Ahmedabad,email,control,2025-03
575,2025-03-20,Ahmedabad,paid_social,variant,2025-03
576,2025-05-21,Delhi,email,variant,2025-05
577,2025-07-31,Pune,paid_social,variant,2025-07
578,2025-06-04,Ahmedabad,direct,control,2025-06
579,2025-08-05,Ahmedabad,referral,control,2025-08
580,2025-03-09,Pune,referral,control,2025-03
581,2025-03-06,Delhi,direct,variant,2025-03
582,2025-08-25,Mumbai,email,control,2025-08
583,2025-03-05,Bengaluru,email,variant,2025-03
584,2025-03-20,Mumbai,organic_search,control,2025-03
585,2025-05-16,Delhi,paid_social,control,2025-05
586,2025-08-15,Mumbai,organic_search,variant,2025-08
587,2025-07-05,Kolkata,organic_search,variant,2025-07
588,2025-03-09,Pune,referral,variant,2025-03
589,2025-08-14,Pune,direct,control,2025-08
590,2025-08-06,Kolkata,paid_social,variant,2025-08
591,2025-07-18,Hyderabad,organic_search,control,2025-07
592,2025-07-30,Hyderabad,email,variant,2025-07
593,2025-04-02,Delhi,paid_social,variant,2025-04
594,2025-08-18,Hyderabad,direct,control,2025-08
595,2025-04-17,Delhi,referral,variant,2025-04
596,2025-06-30,Pune,organic_search,control,2025-06
597,2025-06-24,Ahmedabad,organic_search,control,2025-06
598,2025-06-29,Pune,organic_search,control,2025-06
599,2025-06-25,Bengaluru,organic_search,control,2025-06
600,2025-06-19,Chennai,paid_social,variant,2025-06
601,2025-06-26,Kolkata,organic_search,variant,2025-06
602,2025-07-25,Hyderabad,organic_search,variant,2025-07
603,2025-07-07,Bengaluru,organic_search,variant,2025-07
604,2025-03-22,Chennai,organic_search,variant,2025-03
605,2025-07-04,Delhi,email,control,2025-07
606,2025-06-12,Ahmedabad,organic_search,control,2025-06
607,2025-04-06,Bengaluru,direct,control,2025-04
608,2025-06-12,Bengaluru,organic_search,variant,2025-06
609,2025-08-22,Chennai,organic_search,variant,2025-08
610,2025-08-10,Mumbai,organic_search,variant,2025-08
611,2025-07-31,Delhi,email,control,2025-07
612,2025-05-09,Delhi,organic_search,control,2025-05
613,2025-07-21,Hyderabad,paid_social,variant,2025-07
614,2025-05-14,Pune,organic_search,control,2025-05
615,2025-07-14,Delhi,referral,variant,2025-07
616,2025-06-11,Bengaluru,organic_search,control,2025-06
617,2025-04-08,Kolkata,paid_social,control,2025-04
618,2025-04-16,Ahmedabad,direct,variant,2025-04
619,2025-03-18,Mumbai,organic_search,variant,2025-03
620,2025-03-26,Chennai,organic_search,variant,2025-03
621,2025-05-17,Mumbai,direct,control,2025-05
622,2025-05-27,Pune,organic_search,control,2025-05
623,2025-03-24,Ahmedabad,organic_search,variant,2025-03
624,2025-05-02,Kolkata,paid_social,variant,2025-05
625,2025-06-09,Delhi,organic_search,control,2025-06
626,2025-04-10,Bengaluru,referral,variant,2025-04
627,2025-04-30,Kolkata,email,control,2025-04
628,2025-05-05,Kolkata,paid_social,control,2025-05
629,2025-06-20,Bengaluru,organic_search,variant,2025-06
630,2025-05-09,Mumbai,email,variant,2025-05
631,2025-07-03,Hyderabad,email,control,2025-07
632,2025-04-08,Pune,organic_search,control,2025-04
633,2025-05-07,Hyderabad,direct,variant,2025-05
634,2025-05-04,Ahmedabad,paid_social,variant,2025-05
635,2025-04-02,Kolkata,direct,variant,2025-04
636,2025-07-20,Kolkata,organic_search,control,2025-07
637,2025-04-23,Mumbai,organic_search,variant,2025-04
638,2025-04-13,Kolkata,email,variant,2025-04
639,2025-07-16,Kolkata,direct,variant,2025-07
640,2025-08-23,Hyderabad,paid_social,control,2025-08
641,2025-07-22,Pune,organic_search,variant,2025-07
642,2025-07-29,Kolkata,direct,variant,2025-07
643,2025-08-24,Ahmedabad,organic_search,variant,2025-08
644,2025-05-01,Pune,organic_search,variant,2025-05
645,2025-06-29,Mumbai,email,variant,2025-06
646,2025-04-11,Pune,organic_search,control,2025-04
647,2025-05-20,Chennai,organic_search,control,2025-05
648,2025-06-01,Mumbai,organic_search,variant,2025-06
649,2025-08-06,Kolkata,referral,control,2025-08
650,2025-08-05,Delhi,organic_search,control,2025-08
651,2025-05-11,Ahmedabad,email,variant,2025-05
652,2025-06-26,Pune,referral,control,2025-06
653,2025-04-09,Bengaluru,email,variant,2025-04
654,2025-07-04,Mumbai,paid_social,control,2025-07
655,2025-06-02,Mumbai,paid_social,control,2025-06
656,2025-06-04,Chennai,paid_social,control,2025-06
657,2025-07-02,Hyderabad,paid_social,variant,2025-07
658,2025-06-15,Kolkata,referral,variant,2025-06
659,2025-03-12,Delhi,direct,control,2025-03
660,2025-04-13,Ahmedabad,paid_social,control,2025-04
661,2025-04-23,Ahmedabad,organic_search,control,2025-04
662,2025-07-15,Mumbai,direct,variant,2025-07
663,2025-03-05,Chennai,organic_search,variant,2025-03
664,2025-04-10,Ahmedabad,direct,variant,2025-04
665,2025-06-07,Bengaluru,organic_search,control,2025-06
666,2025-07-22,Mumbai,email,variant,2025-07
667,2025-06-07,Ahmedabad,direct,control,2025-06
668,2025-08-01,Hyderabad,paid_social,control,2025-08
669,2025-08-18,Mumbai,organic_search,control,2025-08
670,2025-03-12,Kolkata,direct,control,2025-03
671,2025-07-31,Chennai,paid_social,control,2025-07
672,2025-06-18,Mumbai,organic_search,variant,2025-06
673,2025-06-04,Bengaluru,paid_social,control,2025-06
674,2025-03-25,Mumbai,paid_social,variant,2025-03
675,2025-06-22,Ahmedabad,email,variant,2025-06
676,2025-07-09,Mumbai,organic_search,variant,2025-07
677,2025-06-14,Kolkata,paid_social,control,2025-06
678,2025-03-16,Pune,direct,variant,2025-03
679,2025-06-17,Pune,organic_search,control,2025-06
680,2025-07-30,Kolkata,paid_social,control,2025-07
681,2025-07-08,Ahmedabad,email,control,2025-07
682,2025-03-05,Delhi,direct,variant,2025-03
683,2025-08-17,Mumbai,paid_social,variant,2025-08
684,2025-07-30,Mumbai,direct,variant,2025-07
685,2025-04-14,Chennai,organic_search,variant,2025-04
686,2025-07-19,Pune,paid_social,variant,2025-07
687,2025-05-26,Mumbai,referral,variant,2025-05
688,2025-06-07,Delhi,direct,variant,2025-06
689,2025-04-30,Pune,paid_social,control,2025-04
690,2025-07-19,Chennai,paid_social,variant,2025-07
691,2025-07-29,Bengaluru,paid_social,variant,2025-07
692,2025-06-30,Ahmedabad,organic_search,variant,2025-06
693,2025-08-25,Ahmedabad,direct,control,2025-08
694,2025-08-22,Kolkata,direct,control,2025-08
695,2025-03-20,Hyderabad,paid_social,variant,2025-03
696,2025-04-23,Ahmedabad,organic_search,control,2025-04
697,2025-07-01,Chennai,organic_search,control,2025-07
698,2025-06-01,Pune,organic_search,variant,2025-06
699,2025-03-09,Hyderabad,email,variant,2025-03
700,2025-03-01,Kolkata,paid_social,variant,2025-03
701,2025-06-23,Pune,organic_search,variant,2025-06
702,2025-05-31,Delhi,email,control,2025-05
703,2025-04-15,Ahmedabad,referral,control,2025-04
704,2025-04-23,Mumbai,organic_search,variant,2025-04
705,2025-03-21,Chennai,paid_social,control,2025-03
706,2025-06-05,Chennai,paid_social,variant,2025-06
707,2025-03-14,Pune,organic_search,variant,2025-03
708,2025-06-14,Mumbai,paid_social,variant,2025-06
709,2025-05-21,Hyderabad,email,variant,2025-05
710,2025-05-11,Ahmedabad,organic_search,variant,2025-05
711,2025-07-06,Delhi,organic_search,variant,2025-07
712,2025-06-21,Chennai,direct,control,2025-06
713,2025-07-23,Kolkata,organic_search,control,2025-07
714,2025-07-12,Ahmedabad,email,control,2025-07
715,2025-07-29,Pune,email,variant,2025-07
716,2025-07-13,Bengaluru,direct,control,2025-07
717,2025-06-23,Chennai,email,variant,2025-06
718,2025-05-27,Hyderabad,direct,variant,2025-05
719,2025-04-11,Chennai,email,control,2025-04
720,2025-06-03,Chennai,paid_social,variant,2025-06
721,2025-03-17,Chennai,paid_social,control,2025-03
722,2025-08-21,Delhi,paid_social,control,2025-08
723,2025-08-24,Kolkata,paid_social,control,2025-08
724,2025-03-02,Pune,organic_search,control,2025-03
725,2025-07-07,Ahmedabad,paid_social,variant,2025-07
726,2025-03-14,Chennai,paid_social,variant,2025-03
727,2025-07-01,Ahmedabad,organic_search,variant,2025-07
728,2025-03-25,Ahmedabad,organic_search,variant,2025-03
729,2025-05-03,Ahmedabad,direct,variant,2025-05
730,2025-06-17,Chennai,paid_social,variant,2025-06
731,2025-07-24,Pune,direct,variant,2025-07
732,2025-05-19,Mumbai,paid_social,control,2025-05
733,2025-08-19,Hyderabad,direct,variant,2025-08
734,2025-07-06,Hyderabad,direct,variant,2025-07
735,2025-04-23,Kolkata,organic_search,control,2025-04
736,2025-07-10,Pune,referral,control,2025-07
737,2025-06-30,Hyderabad,organic_search,control,2025-06
738,2025-05-10,Delhi,paid_social,control,2025-05
739,2025-07-08,Chennai,direct,variant,2025-07
740,2025-08-12,Hyderabad,organic_search,control,2025-08
741,2025-07-06,Mumbai,paid_social,variant,2025-07
742,2025-07-11,Bengaluru,paid_social,variant,2025-07
743,2025-06-10,Ahmedabad,organic_search,control,2025-06
744,2025-04-09,Mumbai,organic_search,variant,2025-04
745,2025-07-18,Hyderabad,organic_search,variant,2025-07
746,2025-05-08,Pune,organic_search,variant,2025-05
747,2025-06-20,Mumbai,email,control,2025-06
748,2025-04-07,Delhi,paid_social,variant,2025-04
749,2025-04-24,Ahmedabad,paid_social,control,2025-04
750,2025-03-11,Pune,email,control,2025-03
751,2025-07-30,Delhi,organic_search,control,2025-07
752,2025-03-05,Delhi,organic_search,control,2025-03
753,2025-03-23,Hyderabad,direct,variant,2025-03
754,2025-08-22,Chennai,referral,control,2025-08
755,2025-06-04,Chennai,paid_social,variant,2025-06
756,2025-05-16,Delhi,organic_search,control,2025-05
757,2025-07-15,Chennai,direct,variant,2025-07
758,2025-05-03,Ahmedabad,direct,control,2025-05
759,2025-03-13,Delhi,paid_social,variant,2025-03
760,2025-07-18,Mumbai,organic_search,variant,2025-07
761,2025-04-27,Ahmedabad,organic_search,control,2025-04
762,2025-06-22,Pune,paid_social,variant,2025-06
763,2025-07-31,Kolkata,referral,control,2025-07
764,2025-08-04,Bengaluru,email,variant,2025-08
765,2025-05-12,Bengaluru,organic_search,variant,2025-05
766,2025-07-03,Delhi,email,control,2025-07
767,2025-06-14,Delhi,direct,control,2025-06
768,2025-04-30,Hyderabad,paid_social,control,2025-04
769,2025-03-04,Mumbai,direct,variant,2025-03
770,2025-05-01,Kolkata,paid_social,variant,2025-05
771,2025-06-07,Pune,organic_search,control,2025-06
772,2025-08-19,Ahmedabad,paid_social,control,2025-08
773,2025-03-05,Pune,paid_social,control,2025-03
774,2025-07-26,Bengaluru,referral,variant,2025-07
775,2025-08-05,Pune,paid_social,control,2025-08
776,2025-07-30,Delhi,paid_social,control,2025-07
777,2025-05-09,Kolkata,paid_social,variant,2025-05
778,2025-03-21,Chennai,paid_social,control,2025-03
779,2025-04-02,Delhi,paid_social,variant,2025-04
780,2025-07-31,Pune,email,control,2025-07
781,2025-08-21,Pune,paid_social,control,2025-08
782,2025-06-15,Delhi,paid_social,variant,2025-06
783,2025-03-10,Mumbai,email,control,2025-03
784,2025-03-22,Kolkata,organic_search,control,2025-03
785,2025-05-23,Bengaluru,email,variant,2025-05
786,2025-06-09,Pune,paid_social,variant,2025-06
787,2025-03-16,Delhi,paid_social,variant,2025-03
788,2025-06-29,Chennai,email,control,2025-06
789,2025-06-07,Mumbai,direct,control,2025-06
790,2025-03-17,Bengaluru,direct,control,2025-03
791,2025-03-06,Pune,paid_social,variant,2025-03
792,2025-05-27,Hyderabad,organic_search,variant,2025-05
793,2025-07-26,Pune,email,variant,2025-07
794,2025-07-06,Delhi,paid_social,variant,2025-07
795,2025-05-11,Hyderabad,email,control,2025-05
796,2025-04-05,Kolkata,paid_social,variant,2025-04
797,2025-08-12,Bengaluru,direct,control,2025-08
798,2025-05-03,Delhi,organic_search,control,2025-05
799,2025-04-10,Kolkata,paid_social,variant,2025-04
800,2025-05-15,Kolkata,organic_search,variant,2025-05
801,2025-03-18,Chennai,paid_social,control,2025-03
802,2025-04-16,Kolkata,email,control,2025-04
803,2025-06-05,Kolkata,paid_social,variant,2025-06
804,2025-08-20,Chennai,paid_social,control,2025-08
805,2025-07-18,Pune,direct,variant,2025-07
806,2025-07-20,Mumbai,direct,variant,2025-07
807,2025-06-12,Pune,paid_social,control,2025-06
808,2025-03-25,Bengaluru,referral,control,2025-03
809,2025-05-10,Kolkata,paid_social,control,2025-05
810,2025-08-20,Hyderabad,direct,variant,2025-08
811,2025-03-06,Ahmedabad,organic_search,control,2025-03
812,2025-08-04,Pune,organic_search,variant,2025-08
813,2025-07-13,Pune,organic_search,control,2025-07
814,2025-04-15,Ahmedabad,organic_search,variant,2025-04
815,2025-07-19,Hyderabad,paid_social,control,2025-07
816,2025-08-06,Hyderabad,organic_search,control,2025-08
817,2025-03-25,Bengaluru,email,variant,2025-03
818,2025-03-10,Ahmedabad,organic_search,variant,2025-03
819,2025-06-13,Kolkata,organic_search,control,2025-06
820,2025-08-24,Delhi,referral,control,2025-08
821,2025-03-16,Hyderabad,email,variant,2025-03
822,2025-06-18,Bengaluru,referral,control,2025-06
823,2025-03-26,Chennai,paid_social,control,2025-03
824,2025-06-26,Mumbai,organic_search,control,2025-06
825,2025-06-12,Chennai,paid_social,control,2025-06
826,2025-03-12,Chennai,paid_social,variant,2025-03
827,2025-07-04,Delhi,organic_search,variant,2025-07
828,2025-08-13,Delhi,direct,variant,2025-08
829,2025-08-23,Chennai,email,variant,2025-08
830,2025-03-14,Bengaluru,email,control,2025-03
831,2025-04-09,Ahmedabad,paid_social,variant,2025-04
832,2025-04-03,Kolkata,email,control,2025-04
833,2025-05-10,Ahmedabad,organic_search,control,2025-05
834,2025-03-07,Pune,referral,variant,2025-03
835,2025-08-25,Ahmedabad,paid_social,control,2025-08
836,2025-07-13,Mumbai,organic_search,control,2025-07
837,2025-07-02,Bengaluru,organic_search,control,2025-07
838,2025-04-01,Mumbai,email,variant,2025-04
839,2025-03-24,Chennai,referral,control,2025-03
840,2025-08-24,Pune,direct,variant,2025-08
841,2025-04-21,Bengaluru,email,variant,2025-04
842,2025-06-02,Bengaluru,referral,variant,2025-06
843,2025-07-31,Chennai,email,control,2025-07
844,2025-03-06,Delhi,organic_search,variant,2025-03
845,2025-03-22,Pune,email,control,2025-03
846,2025-03-22,Pune,organic_search,variant,2025-03
847,2025-03-24,Delhi,organic_search,variant,2025-03
848,2025-03-03,Delhi,paid_social,control,2025-03
849,2025-07-03,Bengaluru,organic_search,variant,2025-07
850,2025-06-24,Pune,referral,variant,2025-06
851,2025-08-24,Bengaluru,referral,control,2025-08
852,2025-07-19,Hyderabad,paid_social,control,2025-07
853,2025-07-31,Pune,email,variant,2025-07
854,2025-04-01,Delhi,paid_social,variant,2025-04
855,2025-04-01,Pune,organic_search,variant,2025-04
856,2025-08-17,Delhi,organic_search,control,2025-08
857,2025-04-23,Delhi,organic_search,variant,2025-04
858,2025-03-18,Delhi,organic_search,variant,2025-03
859,2025-07-06,Bengaluru,organic_search,variant,2025-07
860,2025-07-20,Mumbai,organic_search,control,2025-07
861,2025-07-30,Ahmedabad,organic_search,control,2025-07
862,2025-08-21,Bengaluru,referral,variant,2025-08
863,2025-03-25,Kolkata,organic_search,control,2025-03
864,2025-07-19,Ahmedabad,organic_search,control,2025-07
865,2025-08-22,Kolkata,paid_social,variant,2025-08
866,2025-07-15,Kolkata,paid_social,control,2025-07
867,2025-07-12,Mumbai,paid_social,control,2025-07
868,2025-08-07,Bengaluru,organic_search,control,2025-08
869,2025-05-25,Chennai,email,variant,2025-05
870,2025-03-20,Pune,paid_social,variant,2025-03
871,2025-05-05,Mumbai,email,control,2025-05
872,2025-04-26,Pune,paid_social,control,2025-04
873,2025-03-02,Kolkata,paid_social,variant,2025-03
874,2025-03-17,Kolkata,paid_social,control,2025-03
875,2025-07-04,Hyderabad,organic_search,variant,2025-07
876,2025-06-17,Delhi,paid_social,variant,2025-06
877,2025-06-10,Bengaluru,organic_search,control,2025-06
878,2025-07-11,Bengaluru,organic_search,control,2025-07
879,2025-06-17,Bengaluru,email,control,2025-06
880,2025-06-20,Bengaluru,organic_search,variant,2025-06
881,2025-03-11,Hyderabad,organic_search,control,2025-03
882,2025-08-25,Mumbai,email,variant,2025-08
883,2025-05-13,Bengaluru,paid_social,variant,2025-05
884,2025-03-05,Bengaluru,direct,variant,2025-03
885,2025-06-29,Delhi,referral,variant,2025-06
886,2025-07-04,Ahmedabad,referral,control,2025-07
887,2025-03-20,Chennai,paid_social,variant,2025-03
888,2025-04-15,Ahmedabad,organic_search,variant,2025-04
889,2025-03-10,Pune,email,control,2025-03
890,2025-04-13,Mumbai,email,control,2025-04
891,2025-03-24,Ahmedabad,email,control,2025-03
892,2025-07-15,Hyderabad,organic_search,control,2025-07
893,2025-05-31,Chennai,organic_search,variant,2025-05
894,2025-07-30,Hyderabad,organic_search,control,2025-07
895,2025-07-12,Hyderabad,organic_search,variant,2025-07
896,2025-06-10,Hyderabad,organic_search,variant,2025-06
897,2025-06-22,Bengaluru,referral,control,2025-06
898,2025-03-17,Pune,organic_search,variant,2025-03
899,2025-03-22,Chennai,email,control,2025-03
900,2025-06-15,Mumbai,referral,control,2025-06
901,2025-03-10,Delhi,paid_social,control,2025-03
902,2025-03-19,Kolkata,paid_social,control,2025-03
903,2025-04-17,Pune,email,control,2025-04
904,2025-08-18,Ahmedabad,organic_search,control,2025-08
905,2025-05-05,Pune,paid_social,control,2025-05
906,2025-07-16,Chennai,direct,control,2025-07
907,2025-05-07,Ahmedabad,email,variant,2025-05
908,2025-04-22,Chennai,direct,control,2025-04
909,2025-05-22,Bengaluru,referral,variant,2025-05
910,2025-03-18,Pune,paid_social,variant,2025-03
911,2025-07-25,Delhi,email,variant,2025-07
912,2025-04-15,Bengaluru,email,variant,2025-04
913,2025-04-30,Chennai,email,variant,2025-04
914,2025-08-14,Delhi,email,variant,2025-08
915,2025-06-20,Chennai,email,variant,2025-06
916,2025-05-02,Pune,direct,variant,2025-05
917,2025-06-01,Bengaluru,organic_search,control,2025-06
918,2025-07-06,Mumbai,email,variant,2025-07
919,2025-04-23,Chennai,organic_search,variant,2025-04
920,2025-06-13,Kolkata,paid_social,control,2025-06
921,2025-08-25,Chennai,direct,variant,2025-08
922,2025-06-23,Hyderabad,direct,variant,2025-06
923,2025-05-15,Chennai,paid_social,variant,2025-05
924,2025-03-20,Hyderabad,paid_social,control,2025-03
925,2025-04-09,Bengaluru,organic_search,control,2025-04
926,2025-07-31,Bengaluru,organic_search,control,2025-07
927,2025-06-10,Delhi,organic_search,variant,2025-06
928,2025-04-16,Ahmedabad,referral,variant,2025-04
929,2025-05-05,Chennai,organic_search,variant,2025-05
930,2025-06-05,Delhi,referral,control,2025-06
931,2025-05-30,Kolkata,organic_search,control,2025-05
932,2025-07-19,Delhi,email,variant,2025-07
933,2025-04-25,Pune,paid_social,variant,2025-04
934,2025-06-22,Delhi,email,variant,2025-06
935,2025-05-10,Bengaluru,email,control,2025-05
936,2025-08-14,Chennai,email,control,2025-08
937,2025-03-27,Ahmedabad,referral,variant,2025-03
938,2025-03-17,Ahmedabad,paid_social,variant,2025-03
939,2025-05-08,Ahmedabad,organic_search,control,2025-05
940,2025-06-08,Delhi,organic_search,variant,2025-06
941,2025-07-19,Mumbai,email,variant,2025-07
942,2025-05-12,Ahmedabad,paid_social,variant,2025-05
943,2025-08-21,Ahmedabad,paid_social,control,2025-08
944,2025-05-24,Bengaluru,paid_social,control,2025-05
945,2025-03-02,Mumbai,paid_social,variant,2025-03
946,2025-03-21,Chennai,direct,variant,2025-03
947,2025-08-08,Mumbai,email,variant,2025-08
948,2025-03-15,Mumbai,email,variant,2025-03
949,2025-08-05,Ahmedabad,email,control,2025-08
950,2025-04-10,Hyderabad,direct,control,2025-04
951,2025-03-10,Mumbai,paid_social,control,2025-03
952,2025-04-01,Chennai,referral,variant,2025-04
953,2025-06-20,Bengaluru,organic_search,control,2025-06
954,2025-05-04,Pune,email,variant,2025-05
955,2025-07-09,Ahmedabad,email,variant,2025-07
956,2025-06-04,Delhi,paid_social,variant,2025-06
957,2025-05-04,Chennai,organic_search,variant,2025-05
958,2025-06-09,Kolkata,paid_social,variant,2025-06
959,2025-08-23,Hyderabad,paid_social,control,2025-08
960,2025-05-26,Ahmedabad,referral,variant,2025-05
961,2025-03-11,Hyderabad,paid_social,control,2025-03
962,2025-05-14,Hyderabad,organic_search,control,2025-05
963,2025-08-25,Ahmedabad,paid_social,variant,2025-08
964,2025-04-06,Chennai,paid_social,variant,2025-04
965,2025-08-24,Kolkata,organic_search,variant,2025-08
966,2025-06-01,Kolkata,paid_social,control,2025-06
967,2025-06-05,Chennai,paid_social,variant,2025-06
968,2025-04-09,Delhi,organic_search,variant,2025-04
969,2025-07-30,Hyderabad,paid_social,variant,2025-07
970,2025-03-23,Kolkata,paid_social,control,2025-03
971,2025-04-23,Pune,direct,variant,2025-04
972,2025-05-10,Bengaluru,paid_social,variant,2025-05
973,2025-05-23,Bengaluru,organic_search,variant,2025-05
974,2025-05-21,Kolkata,referral,control,2025-05
975,2025-03-23,Delhi,paid_social,variant,2025-03
976,2025-04-22,Mumbai,organic_search,control,2025-04
977,2025-03-17,Kolkata,direct,control,2025-03
978,2025-06-02,Bengaluru,organic_search,control,2025-06
979,2025-05-25,Kolkata,direct,variant,2025-05
980,2025-06-16,Pune,email,variant,2025-06
981,2025-06-24,Ahmedabad,referral,control,2025-06
982,2025-07-25,Pune,referral,control,2025-07
983,2025-06-04,Kolkata,organic_search,control,2025-06
984,2025-06-10,Kolkata,direct,control,2025-06
985,2025-06-04,Delhi,organic_search,variant,2025-06
986,2025-05-31,Ahmedabad,email,control,2025-05
987,2025-06-26,Chennai,paid_social,control,2025-06
988,2025-04-25,Mumbai,organic_search,variant,2025-04
989,2025-04-26,Mumbai,organic_search,control,2025-04
990,2025-07-23,Bengaluru,organic_search,variant,2025-07
991,2025-05-18,Mumbai,organic_search,variant,2025-05
992,2025-06-13,Bengaluru,organic_search,variant,2025-06
993,2025-04-27,Ahmedabad,referral,variant,2025-04
994,2025-05-15,Hyderabad,paid_social,control,2025-05
995,2025-06-16,Mumbai,direct,variant,2025-06
996,2025-06-04,Hyderabad,direct,variant,2025-06
997,2025-06-19,Delhi,email,control,2025-06
998,2025-05-22,Kolkata,paid_social,variant,2025-05
999,2025-08-16,Mumbai,direct,variant,2025-08
1000,2025-06-12,Kolkata,email,variant,2025-06
1001,2025-07-04,Hyderabad,email,variant,2025-07
1002,2025-06-29,Mumbai,referral,control,2025-06
1003,2025-06-16,Chennai,paid_social,variant,2025-06
1004,2025-08-17,Hyderabad,paid_social,variant,2025-08
1005,2025-03-22,Kolkata,direct,variant,2025-03
1006,2025-08-24,Pune,paid_social,control,2025-08
1007,2025-08-11,Kolkata,direct,variant,2025-08
1008,2025-06-22,Hyderabad,organic_search,variant,2025-06
1009,2025-07-19,Mumbai,organic_search,control,2025-07
1010,2025-06-06,Delhi,paid_social,variant,2025-06
1011,2025-04-23,Hyderabad,organic_search,variant,2025-04
1012,2025-06-30,Hyderabad,referral,variant,2025-06
1013,2025-04-16,Kolkata,organic_search,variant,2025-04
1014,2025-04-26,Hyderabad,email,control,2025-04
1015,2025-06-17,Kolkata,organic_search,variant,2025-06
1016,2025-08-24,Delhi,referral,variant,2025-08
1017,2025-05-01,Hyderabad,paid_social,variant,2025-05
1018,2025-05-14,Kolkata,organic_search,control,2025-05
1019,2025-03-22,Mumbai,organic_search,control,2025-03
1020,2025-03-18,Bengaluru,paid_social,variant,2025-03
1021,2025-03-25,Kolkata,referral,control,2025-03
1022,2025-03-13,Pune,referral,variant,2025-03
1023,2025-08-17,Kolkata,organic_search,variant,2025-08
1024,2025-08-09,Pune,paid_social,variant,2025-08
1025,2025-07-23,Kolkata,organic_search,control,2025-07
1026,2025-03-04,Ahmedabad,paid_social,variant,2025-03
1027,2025-03-08,Ahmedabad,paid_social,control,2025-03
1028,2025-04-02,Mumbai,organic_search,variant,2025-04
1029,2025-06-18,Pune,email,control,2025-06
1030,2025-05-06,Mumbai,direct,variant,2025-05
1031,2025-05-08,Delhi,organic_search,control,2025-05
1032,2025-04-23,Bengaluru,organic_search,control,2025-04
1033,2025-07-09,Chennai,organic_search,variant,2025-07
1034,2025-04-04,Hyderabad,organic_search,variant,2025-04
1035,2025-03-01,Kolkata,organic_search,variant,2025-03
1036,2025-07-05,Bengaluru,email,variant,2025-07
1037,2025-08-23,Pune,organic_search,variant,2025-08
1038,2025-03-16,Kolkata,email,control,2025-03
1039,2025-05-27,Ahmedabad,direct,variant,2025-05
1040,2025-07-05,Delhi,referral,variant,2025-07
1041,2025-07-08,Chennai,email,variant,2025-07
1042,2025-08-02,Mumbai,organic_search,control,2025-08
1043,2025-05-11,Pune,organic_search,variant,2025-05
1044,2025-05-15,Hyderabad,organic_search,control,2025-05
1045,2025-07-21,Ahmedabad,referral,variant,2025-07
1046,2025-03-11,Kolkata,referral,variant,2025-03
1047,2025-04-21,Ahmedabad,paid_social,variant,2025-04
1048,2025-06-16,Kolkata,organic_search,control,2025-06
1049,2025-07-07,Hyderabad,paid_social,control,2025-07
1050,2025-03-26,Chennai,organic_search,control,2025-03
1051,2025-06-11,Mumbai,referral,control,2025-06
1052,2025-05-04,Pune,organic_search,control,2025-05
1053,2025-06-25,Mumbai,paid_social,variant,2025-06
1054,2025-08-23,Chennai,paid_social,control,2025-08
1055,2025-03-02,Ahmedabad,organic_search,control,2025-03
1056,2025-08-23,Chennai,paid_social,variant,2025-08
1057,2025-05-26,Kolkata,direct,control,2025-05
1058,2025-07-22,Delhi,organic_search,control,2025-07
1059,2025-05-07,Ahmedabad,paid_social,variant,2025-05
1060,2025-04-17,Pune,paid_social,control,2025-04
1061,2025-07-14,Chennai,organic_search,control,2025-07
1062,2025-07-16,Kolkata,organic_search,variant,2025-07
1063,2025-03-18,Chennai,organic_search,control,2025-03
1064,2025-07-16,Bengaluru,organic_search,control,2025-07
1065,2025-07-13,Pune,paid_social,control,2025-07
1066,2025-05-19,Chennai,direct,control,2025-05
1067,2025-08-12,Kolkata,email,variant,2025-08
1068,2025-05-30,Hyderabad,referral,control,2025-05
1069,2025-04-30,Pune,paid_social,control,2025-04
1070,2025-03-27,Pune,email,control,2025-03
1071,2025-07-24,Mumbai,email,variant,2025-07
1072,2025-04-16,Mumbai,organic_search,control,2025-04
1073,2025-07-03,Mumbai,organic_search,variant,2025-07
1074,2025-06-20,Chennai,paid_social,control,2025-06
1075,2025-05-04,Hyderabad,direct,variant,2025-05
1076,2025-03-11,Kolkata,paid_social,control,2025-03
1077,2025-07-08,Chennai,organic_search,control,2025-07
1078,2025-03-01,Delhi,referral,variant,2025-03
1079,2025-05-22,Mumbai,organic_search,control,2025-05
1080,2025-08-12,Bengaluru,referral,variant,2025-08
1081,2025-08-06,Ahmedabad,direct,variant,2025-08
1082,2025-08-12,Mumbai,direct,variant,2025-08
1083,2025-07-29,Delhi,direct,control,2025-07
1084,2025-06-11,Mumbai,organic_search,variant,2025-06
1085,2025-04-14,Hyderabad,email,control,2025-04
1086,2025-08-07,Ahmedabad,direct,variant,2025-08
1087,2025-07-22,Chennai,email,variant,2025-07
1088,2025-08-04,Hyderabad,organic_search,variant,2025-08
1089,2025-06-02,Delhi,organic_search,variant,2025-06
1090,2025-03-15,Bengaluru,organic_search,variant,2025-03
1091,2025-06-23,Pune,paid_social,variant,2025-06
1092,2025-05-10,Bengaluru,paid_social,control,2025-05
1093,2025-07-30,Chennai,direct,variant,2025-07
1094,2025-05-27,Ahmedabad,direct,control,2025-05
1095,2025-04-12,Delhi,email,control,2025-04
1096,2025-03-05,Bengaluru,organic_search,variant,2025-03
1097,2025-08-15,Delhi,paid_social,control,2025-08
1098,2025-07-07,Chennai,organic_search,variant,2025-07
1099,2025-03-27,Hyderabad,organic_search,control,2025-03
1100,2025-05-08,Bengaluru,organic_search,control,2025-05
1101,2025-05-15,Delhi,organic_search,variant,2025-05
1102,2025-05-15,Mumbai,organic_search,control,2025-05
1103,2025-08-04,Hyderabad,paid_social,variant,2025-08
1104,2025-03-14,Chennai,organic_search,variant,2025-03
1105,2025-04-03,Delhi,organic_search,variant,2025-04
1106,2025-04-18,Mumbai,organic_search,control,2025-04
1107,2025-04-21,Hyderabad,email,variant,2025-04
1108,2025-08-24,Chennai,paid_social,control,2025-08
1109,2025-08-07,Bengaluru,organic_search,control,2025-08
1110,2025-03-08,Bengaluru,organic_search,control,2025-03
1111,2025-06-14,Delhi,referral,control,2025-06
1112,2025-04-19,Chennai,paid_social,variant,2025-04
1113,2025-04-27,Kolkata,email,control,2025-04
1114,2025-03-31,Kolkata,paid_social,control,2025-03
1115,2025-04-06,Pune,direct,variant,2025-04
1116,2025-05-07,Chennai,direct,control,2025-05
1117,2025-08-05,Hyderabad,paid_social,control,2025-08
1118,2025-06-11,Mumbai,email,control,2025-06
1119,2025-07-23,Bengaluru,organic_search,control,2025-07
1120,2025-04-30,Chennai,email,variant,2025-04
1121,2025-03-23,Chennai,paid_social,variant,2025-03
1122,2025-03-18,Ahmedabad,organic_search,variant,2025-03
1123,2025-04-17,Ahmedabad,referral,variant,2025-04
1124,2025-04-18,Delhi,direct,control,2025-04
1125,2025-08-01,Mumbai,organic_search,variant,2025-08
1126,2025-08-18,Bengaluru,referral,control,2025-08
1127,2025-08-04,Ahmedabad,organic_search,control,2025-08
1128,2025-06-13,Kolkata,paid_social,control,2025-06
1129,2025-06-17,Mumbai,direct,control,2025-06
1130,2025-06-15,Delhi,organic_search,variant,2025-06
1131,2025-05-09,Pune,paid_social,control,2025-05
1132,2025-07-10,Chennai,email,control,2025-07
1133,2025-07-12,Ahmedabad,organic_search,control,2025-07
1134,2025-06-30,Kolkata,paid_social,variant,2025-06
1135,2025-06-19,Delhi,organic_search,variant,2025-06
1136,2025-03-03,Mumbai,email,variant,2025-03
1137,2025-07-11,Chennai,organic_search,variant,2025-07
1138,2025-05-18,Pune,organic_search,variant,2025-05
1139,2025-07-01,Ahmedabad,email,control,2025-07
1140,2025-06-26,Pune,organic_search,control,2025-06
1141,2025-08-08,Pune,paid_social,control,2025-08
1142,2025-04-30,Bengaluru,email,control,2025-04
1143,2025-08-16,Mumbai,direct,variant,2025-08
1144,2025-08-13,Ahmedabad,organic_search,control,2025-08
1145,2025-04-17,Kolkata,direct,control,2025-04
1146,2025-05-21,Delhi,email,variant,2025-05
1147,2025-06-12,Chennai,organic_search,control,2025-06
1148,2025-07-22,Bengaluru,direct,control,2025-07
1149,2025-07-09,Hyderabad,email,control,2025-07
1150,2025-08-13,Kolkata,email,variant,2025-08
1151,2025-05-04,Kolkata,paid_social,control,2025-05
1152,2025-06-16,Delhi,email,control,2025-06
1153,2025-05-07,Bengaluru,referral,control,2025-05
1154,2025-08-17,Kolkata,paid_social,variant,2025-08
1155,2025-04-22,Ahmedabad,direct,control,2025-04
1156,2025-06-23,Mumbai,email,control,2025-06
1157,2025-03-27,Kolkata,direct,variant,2025-03
1158,2025-08-01,Hyderabad,referral,variant,2025-08
1159,2025-05-03,Pune,organic_search,control,2025-05
1160,2025-05-25,Mumbai,organic_search,control,2025-05
1161,2025-06-09,Chennai,paid_social,control,2025-06
1162,2025-04-30,Chennai,paid_social,variant,2025-04
1163,2025-08-06,Chennai,paid_social,control,2025-08
1164,2025-06-22,Kolkata,direct,variant,2025-06
1165,2025-06-08,Ahmedabad,referral,variant,2025-06
1166,2025-03-03,Kolkata,paid_social,variant,2025-03
1167,2025-03-21,Chennai,email,control,2025-03
1168,2025-05-05,Ahmedabad,organic_search,variant,2025-05
1169,2025-08-07,Chennai,paid_social,variant,2025-08
1170,2025-07-29,Chennai,organic_search,variant,2025-07
1171,2025-06-15,Pune,paid_social,control,2025-06
1172,2025-06-11,Kolkata,paid_social,variant,2025-06
1173,2025-05-24,Mumbai,email,variant,2025-05
1174,2025-04-09,Pune,email,variant,2025-04
1175,2025-03-06,Hyderabad,paid_social,variant,2025-03
1176,2025-05-04,Ahmedabad,organic_search,variant,2025-05
1177,2025-04-05,Mumbai,organic_search,control,2025-04
1178,2025-04-12,Chennai,referral,variant,2025-04
1179,2025-04-02,Delhi,referral,variant,2025-04
1180,2025-03-12,Ahmedabad,organic_search,variant,2025-03
1181,2025-06-22,Kolkata,organic_search,control,2025-06
1182,2025-08-19,Delhi,paid_social,control,2025-08
1183,2025-07-16,Kolkata,email,variant,2025-07
1184,2025-05-25,Hyderabad,paid_social,variant,2025-05
1185,2025-05-21,Ahmedabad,organic_search,control,2025-05
1186,2025-04-18,Chennai,paid_social,control,2025-04
1187,2025-03-25,Mumbai,organic_search,variant,2025-03
1188,2025-06-02,Delhi,organic_search,variant,2025-06
1189,2025-06-21,Hyderabad,organic_search,control,2025-06
1190,2025-03-09,Delhi,email,control,2025-03
1191,2025-05-20,Delhi,paid_social,control,2025-05
1192,2025-04-25,Ahmedabad,organic_search,control,2025-04
1193,2025-04-13,Kolkata,paid_social,variant,2025-04
1194,2025-07-01,Hyderabad,paid_social,variant,2025-07
1195,2025-06-09,Delhi,direct,variant,2025-06
1196,2025-06-10,Delhi,referral,variant,2025-06
1197,2025-07-25,Ahmedabad,organic_search,control,2025-07
1198,2025-08-24,Bengaluru,direct,control,2025-08
1199,2025-07-14,Mumbai,email,control,2025-07
1200,2025-06-25,Hyderabad,email,control,2025-06
1201,2025-08-10,Hyderabad,paid_social,variant,2025-08
1202,2025-05-11,Pune,organic_search,control,2025-05
1203,2025-08-21,Bengaluru,organic_search,variant,2025-08
1204,2025-07-17,Ahmedabad,referral,control,2025-07
1205,2025-06-13,Chennai,email,control,2025-06
1206,2025-08-10,Ahmedabad,paid_social,control,2025-08
1207,2025-06-18,Bengaluru,paid_social,variant,2025-06
1208,2025-07-20,Chennai,organic_search,variant,2025-07
1209,2025-04-13,Bengaluru,organic_search,variant,2025-04
1210,2025-07-29,Chennai,email,control,2025-07
1211,2025-06-01,Chennai,paid_social,variant,2025-06
1212,2025-07-03,Bengaluru,direct,variant,2025-07
1213,2025-05-12,Ahmedabad,email,control,2025-05
1214,2025-08-15,Kolkata,email,control,2025-08
1215,2025-03-23,Ahmedabad,direct,control,2025-03
1216,2025-03-07,Delhi,organic_search,control,2025-03
1217,2025-06-21,Chennai,email,variant,2025-06
1218,2025-07-17,Mumbai,email,control,2025-07
1219,2025-06-30,Mumbai,organic_search,variant,2025-06
1220,2025-05-09,Ahmedabad,organic_search,variant,2025-05
1221,2025-06-07,Delhi,organic_search,control,2025-06
1222,2025-06-23,Kolkata,organic_search,variant,2025-06
1223,2025-08-23,Hyderabad,paid_social,control,2025-08
1224,2025-06-21,Bengaluru,organic_search,control,2025-06
1225,2025-05-14,Mumbai,email,control,2025-05
1226,2025-08-11,Chennai,organic_search,control,2025-08
1227,2025-03-09,Chennai,organic_search,control,2025-03
1228,2025-08-19,Hyderabad,organic_search,variant,2025-08
1229,2025-03-03,Kolkata,organic_search,variant,2025-03
1230,2025-04-07,Bengaluru,referral,variant,2025-04
1231,2025-07-02,Pune,organic_search,control,2025-07
1232,2025-07-12,Bengaluru,organic_search,variant,2025-07
1233,2025-08-06,Pune,organic_search,control,2025-08
1234,2025-07-04,Delhi,paid_social,variant,2025-07
1235,2025-06-09,Hyderabad,email,variant,2025-06
1236,2025-05-24,Pune,direct,variant,2025-05
1237,2025-03-16,Pune,paid_social,control,2025-03
1238,2025-03-24,Hyderabad,email,variant,2025-03
1239,2025-04-25,Chennai,paid_social,variant,2025-04
1240,2025-03-26,Pune,direct,control,2025-03
1241,2025-06-08,Bengaluru,paid_social,variant,2025-06
1242,2025-07-23,Delhi,organic_search,control,2025-07
1243,2025-08-23,Chennai,email,variant,2025-08
1244,2025-05-26,Ahmedabad,direct,variant,2025-05
1245,2025-08-07,Kolkata,paid_social,variant,2025-08
1246,2025-08-04,Chennai,referral,control,2025-08
1247,2025-08-14,Ahmedabad,direct,control,2025-08
1248,2025-05-26,Ahmedabad,organic_search,control,2025-05
1249,2025-04-25,Pune,direct,control,2025-04
1250,2025-08-13,Mumbai,email,variant,2025-08
1251,2025-04-04,Chennai,paid_social,control,2025-04
1252,2025-05-11,Pune,paid_social,variant,2025-05
1253,2025-03-20,Bengaluru,direct,control,2025-03
1254,2025-07-14,Kolkata,email,control,2025-07
1255,2025-06-08,Kolkata,paid_social,control,2025-06
1256,2025-03-10,Bengaluru,organic_search,control,2025-03
1257,2025-04-01,Hyderabad,paid_social,control,2025-04
1258,2025-06-07,Delhi,referral,control,2025-06
1259,2025-06-17,Delhi,email,control,2025-06
1260,2025-07-05,Bengaluru,organic_search,control,2025-07
1261,2025-04-27,Bengaluru,direct,variant,2025-04
1262,2025-07-31,Bengaluru,direct,variant,2025-07
1263,2025-05-16,Delhi,paid_social,variant,2025-05
1264,2025-07-12,Hyderabad,organic_search,control,2025-07
1265,2025-04-23,Pune,paid_social,control,2025-04
1266,2025-03-25,Bengaluru,organic_search,control,2025-03
1267,2025-03-16,Pune,organic_search,variant,2025-03
1268,2025-05-17,Bengaluru,email,variant,2025-05
1269,2025-08-17,Chennai,referral,control,2025-08
1270,2025-03-15,Chennai,paid_social,control,2025-03
1271,2025-05-05,Ahmedabad,direct,control,2025-05
1272,2025-03-13,Mumbai,referral,control,2025-03
1273,2025-08-04,Kolkata,organic_search,variant,2025-08
1274,2025-07-12,Bengaluru,organic_search,control,2025-07
1275,2025-07-16,Mumbai,email,control,2025-07
1276,2025-07-04,Chennai,direct,control,2025-07
1277,2025-06-05,Delhi,paid_social,control,2025-06
1278,2025-07-22,Delhi,email,control,2025-07
1279,2025-03-11,Ahmedabad,email,control,2025-03
1280,2025-08-03,Delhi,email,control,2025-08
1281,2025-07-18,Pune,email,control,2025-07
1282,2025-07-19,Delhi,organic_search,variant,2025-07
1283,2025-05-23,Mumbai,organic_search,variant,2025-05
1284,2025-07-20,Mumbai,organic_search,control,2025-07
1285,2025-05-27,Mumbai,referral,variant,2025-05
1286,2025-03-17,Hyderabad,referral,control,2025-03
1287,2025-08-06,Hyderabad,direct,variant,2025-08
1288,2025-04-24,Mumbai,organic_search,variant,2025-04
1289,2025-03-08,Bengaluru,paid_social,control,2025-03
1290,2025-06-07,Bengaluru,organic_search,control,2025-06
1291,2025-04-23,Pune,paid_social,variant,2025-04
1292,2025-08-22,Ahmedabad,organic_search,control,2025-08
1293,2025-05-09,Chennai,direct,control,2025-05
1294,2025-03-21,Ahmedabad,organic_search,variant,2025-03
1295,2025-08-23,Delhi,email,control,2025-08
1296,2025-06-21,Delhi,referral,variant,2025-06
1297,2025-03-31,Kolkata,email,variant,2025-03
1298,2025-07-17,Bengaluru,organic_search,variant,2025-07
1299,2025-06-03,Kolkata,referral,variant,2025-06
1300,2025-03-24,Hyderabad,email,variant,2025-03
1301,2025-06-30,Delhi,paid_social,variant,2025-06
1302,2025-05-27,Kolkata,email,variant,2025-05
1303,2025-07-03,Pune,direct,variant,2025-07
1304,2025-08-09,Kolkata,paid_social,variant,2025-08
1305,2025-06-05,Hyderabad,paid_social,variant,2025-06
1306,2025-07-21,Delhi,paid_social,variant,2025-07
1307,2025-04-11,Chennai,organic_search,control,2025-04
1308,2025-04-20,Mumbai,direct,variant,2025-04
1309,2025-05-01,Chennai,organic_search,control,2025-05
1310,2025-08-10,Hyderabad,paid_social,control,2025-08
1311,2025-06-24,Kolkata,paid_social,control,2025-06
1312,2025-05-25,Kolkata,organic_search,variant,2025-05
1313,2025-07-04,Hyderabad,paid_social,variant,2025-07
1314,2025-08-09,Ahmedabad,email,control,2025-08
1315,2025-08-09,Mumbai,organic_search,control,2025-08
1316,2025-04-15,Mumbai,organic_search,control,2025-04
1317,2025-07-14,Ahmedabad,direct,control,2025-07
1318,2025-06-01,Pune,referral,control,2025-06
1319,2025-05-21,Hyderabad,paid_social,variant,2025-05
1320,2025-05-06,Delhi,organic_search,control,2025-05
1321,2025-03-09,Bengaluru,organic_search,control,2025-03
1322,2025-04-23,Chennai,organic_search,control,2025-04
1323,2025-06-18,Kolkata,paid_social,variant,2025-06
1324,2025-08-09,Ahmedabad,referral,variant,2025-08
1325,2025-08-23,Hyderabad,email,control,2025-08
1326,2025-04-11,Hyderabad,organic_search,control,2025-04
1327,2025-07-14,Delhi,referral,variant,2025-07
1328,2025-03-07,Mumbai,paid_social,control,2025-03
1329,2025-07-04,Hyderabad,organic_search,variant,2025-07
1330,2025-05-13,Pune,paid_social,variant,2025-05
1331,2025-05-15,Mumbai,organic_search,variant,2025-05
1332,2025-07-21,Hyderabad,direct,variant,2025-07
1333,2025-05-10,Chennai,paid_social,control,2025-05
1334,2025-07-24,Kolkata,email,control,2025-07
1335,2025-06-16,Ahmedabad,paid_social,control,2025-06
1336,2025-07-30,Bengaluru,referral,control,2025-07
1337,2025-06-19,Hyderabad,email,control,2025-06
1338,2025-04-16,Kolkata,paid_social,control,2025-04
1339,2025-07-09,Chennai,organic_search,variant,2025-07
1340,2025-05-13,Bengaluru,referral,control,2025-05
1341,2025-06-07,Chennai,paid_social,variant,2025-06
1342,2025-03-18,Delhi,organic_search,control,2025-03
1343,2025-03-16,Hyderabad,direct,control,2025-03
1344,2025-06-11,Bengaluru,organic_search,control,2025-06
1345,2025-04-07,Ahmedabad,organic_search,variant,2025-04
1346,2025-08-09,Mumbai,paid_social,variant,2025-08
1347,2025-08-11,Kolkata,organic_search,variant,2025-08
1348,2025-07-12,Bengaluru,paid_social,control,2025-07
1349,2025-07-07,Mumbai,organic_search,control,2025-07
1350,2025-06-15,Chennai,organic_search,variant,2025-06
1351,2025-03-07,Chennai,organic_search,control,2025-03
1352,2025-05-14,Delhi,organic_search,control,2025-05
1353,2025-05-03,Mumbai,referral,control,2025-05
1354,2025-08-11,Mumbai,paid_social,control,2025-08
1355,2025-04-21,Hyderabad,paid_social,control,2025-04
1356,2025-05-22,Delhi,paid_social,control,2025-05
1357,2025-05-19,Chennai,email,variant,2025-05
1358,2025-03-21,Mumbai,organic_search,variant,2025-03
1359,2025-03-02,Kolkata,organic_search,control,2025-03
1360,2025-05-09,Kolkata,email,control,2025-05
1361,2025-03-19,Chennai,paid_social,variant,2025-03
1362,2025-03-23,Ahmedabad,direct,control,2025-03
1363,2025-05-16,Ahmedabad,direct,variant,2025-05
1364,2025-04-23,Mumbai,direct,control,2025-04
1365,2025-06-06,Bengaluru,organic_search,variant,2025-06
1366,2025-03-05,Kolkata,organic_search,variant,2025-03
1367,2025-04-02,Bengaluru,organic_search,control,2025-04
1368,2025-05-16,Chennai,direct,variant,2025-05
1369,2025-08-16,Kolkata,referral,variant,2025-08
1370,2025-06-06,Ahmedabad,referral,variant,2025-06
1371,2025-08-19,Bengaluru,organic_search,control,2025-08
1372,2025-05-20,Bengaluru,direct,control,2025-05
1373,2025-05-10,Mumbai,paid_social,control,2025-05
1374,2025-05-06,Bengaluru,direct,variant,2025-05
1375,2025-08-18,Bengaluru,paid_social,control,2025-08
1376,2025-08-16,Hyderabad,organic_search,control,2025-08
1377,2025-08-02,Hyderabad,organic_search,variant,2025-08
1378,2025-07-06,Kolkata,referral,control,2025-07
1379,2025-06-12,Kolkata,paid_social,variant,2025-06
1380,2025-06-13,Chennai,paid_social,control,2025-06
1381,2025-08-02,Mumbai,paid_social,variant,2025-08
1382,2025-04-26,Hyderabad,paid_social,control,2025-04
1383,2025-05-10,Chennai,referral,control,2025-05
1384,2025-08-08,Delhi,organic_search,variant,2025-08
1385,2025-05-01,Hyderabad,organic_search,control,2025-05
1386,2025-04-24,Chennai,direct,control,2025-04
1387,2025-06-05,Kolkata,paid_social,control,2025-06
1388,2025-04-27,Kolkata,organic_search,variant,2025-04
1389,2025-08-11,Hyderabad,organic_search,control,2025-08
1390,2025-08-22,Hyderabad,organic_search,control,2025-08
1391,2025-04-05,Hyderabad,organic_search,control,2025-04
1392,2025-06-03,Chennai,organic_search,control,2025-06
1393,2025-08-20,Hyderabad,organic_search,variant,2025-08
1394,2025-07-21,Hyderabad,email,control,2025-07
1395,2025-04-15,Delhi,direct,variant,2025-04
1396,2025-05-30,Hyderabad,direct,variant,2025-05
1397,2025-06-25,Delhi,paid_social,variant,2025-06
1398,2025-06-10,Pune,organic_search,variant,2025-06
1399,2025-03-27,Ahmedabad,referral,control,2025-03
1400,2025-04-24,Kolkata,direct,variant,2025-04
1401,2025-08-21,Hyderabad,paid_social,variant,2025-08
1402,2025-04-19,Ahmedabad,organic_search,variant,2025-04
1403,2025-04-18,Ahmedabad,organic_search,control,2025-04
1404,2025-04-14,Hyderabad,paid_social,control,2025-04
1405,2025-03-31,Kolkata,paid_social,variant,2025-03
1406,2025-03-11,Bengaluru,organic_search,control,2025-03
1407,2025-05-20,Ahmedabad,referral,variant,2025-05
1408,2025-08-20,Bengaluru,paid_social,control,2025-08
1409,2025-03-16,Bengaluru,paid_social,variant,2025-03
1410,2025-04-19,Delhi,organic_search,control,2025-04
1411,2025-03-01,Kolkata,direct,control,2025-03
1412,2025-06-12,Bengaluru,email,control,2025-06
1413,2025-04-14,Kolkata,organic_search,variant,2025-04
1414,2025-07-23,Mumbai,paid_social,variant,2025-07
1415,2025-06-07,Pune,email,variant,2025-06
1416,2025-07-05,Hyderabad,direct,variant,2025-07
1417,2025-06-08,Hyderabad,organic_search,variant,2025-06
1418,2025-05-04,Delhi,direct,variant,2025-05
1419,2025-08-13,Mumbai,paid_social,variant,2025-08
1420,2025-05-17,Bengaluru,organic_search,variant,2025-05
1421,2025-08-20,Hyderabad,organic_search,variant,2025-08
1422,2025-08-25,Kolkata,organic_search,control,2025-08
1423,2025-06-01,Hyderabad,organic_search,variant,2025-06
1424,2025-07-05,Delhi,paid_social,control,2025-07
1425,2025-04-08,Bengaluru,email,control,2025-04
1426,2025-07-05,Pune,organic_search,variant,2025-07
1427,2025-07-22,Hyderabad,referral,variant,2025-07
1428,2025-08-01,Ahmedabad,organic_search,control,2025-08
1429,2025-03-31,Hyderabad,paid_social,control,2025-03
1430,2025-07-23,Pune,referral,variant,2025-07
1431,2025-05-26,Mumbai,direct,control,2025-05
1432,2025-04-06,Delhi,email,control,2025-04
1433,2025-04-09,Kolkata,email,variant,2025-04
1434,2025-06-13,Bengaluru,organic_search,variant,2025-06
1435,2025-04-14,Hyderabad,organic_search,variant,2025-04
1436,2025-03-28,Pune,paid_social,variant,2025-03
1437,2025-05-11,Mumbai,organic_search,control,2025-05
1438,2025-05-30,Pune,paid_social,control,2025-05
1439,2025-04-11,Bengaluru,organic_search,variant,2025-04
1440,2025-08-13,Delhi,referral,variant,2025-08
1441,2025-07-13,Hyderabad,direct,control,2025-07
1442,2025-06-13,Hyderabad,direct,control,2025-06
1443,2025-08-23,Delhi,email,control,2025-08
1444,2025-05-22,Pune,organic_search,control,2025-05
1445,2025-03-08,Chennai,organic_search,control,2025-03
1446,2025-03-10,Bengaluru,email,control,2025-03
1447,2025-08-16,Ahmedabad,email,variant,2025-08
1448,2025-08-09,Pune,paid_social,control,2025-08
1449,2025-07-10,Kolkata,paid_social,variant,2025-07
1450,2025-03-05,Mumbai,paid_social,variant,2025-03
1451,2025-04-07,Kolkata,organic_search,variant,2025-04
1452,2025-03-21,Bengaluru,organic_search,variant,2025-03
1453,2025-03-24,Chennai,paid_social,control,2025-03
1454,2025-04-21,Kolkata,email,control,2025-04
1455,2025-06-07,Bengaluru,referral,variant,2025-06
1456,2025-03-04,Bengaluru,paid_social,control,2025-03
1457,2025-08-02,Mumbai,email,control,2025-08
1458,2025-05-11,Pune,direct,control,2025-05
1459,2025-04-14,Kolkata,organic_search,variant,2025-04
1460,2025-06-24,Hyderabad,email,control,2025-06
1461,2025-07-24,Delhi,paid_social,control,2025-07
1462,2025-03-31,Bengaluru,paid_social,control,2025-03
1463,2025-03-20,Hyderabad,organic_search,variant,2025-03
1464,2025-03-09,Ahmedabad,referral,control,2025-03
1465,2025-08-03,Mumbai,referral,variant,2025-08
1466,2025-03-16,Bengaluru,organic_search,variant,2025-03
1467,2025-05-30,Chennai,organic_search,control,2025-05
1468,2025-05-09,Delhi,organic_search,control,2025-05
1469,2025-07-14,Ahmedabad,direct,variant,2025-07
1470,2025-03-08,Ahmedabad,paid_social,variant,2025-03
1471,2025-08-14,Hyderabad,organic_search,control,2025-08
1472,2025-07-11,Chennai,direct,control,2025-07
1473,2025-05-22,Kolkata,paid_social,control,2025-05
1474,2025-04-05,Chennai,paid_social,control,2025-04
1475,2025-07-30,Delhi,paid_social,control,2025-07
1476,2025-04-14,Mumbai,paid_social,control,2025-04
1477,2025-05-07,Bengaluru,paid_social,control,2025-05
1478,2025-05-19,Delhi,organic_search,variant,2025-05
1479,2025-04-02,Bengaluru,paid_social,variant,2025-04
1480,2025-05-16,Chennai,referral,variant,2025-05
1481,2025-03-28,Pune,paid_social,variant,2025-03
1482,2025-03-03,Delhi,referral,variant,2025-03
1483,2025-04-08,Mumbai,paid_social,control,2025-04
1484,2025-03-24,Delhi,direct,variant,2025-03
1485,2025-05-14,Hyderabad,organic_search,control,2025-05
1486,2025-08-02,Kolkata,direct,variant,2025-08
1487,2025-03-06,Bengaluru,organic_search,variant,2025-03
1488,2025-03-22,Bengaluru,organic_search,variant,2025-03
1489,2025-03-25,Pune,organic_search,control,2025-03
1490,2025-06-09,Mumbai,organic_search,variant,2025-06
1491,2025-04-13,Delhi,referral,control,2025-04
1492,2025-05-21,Mumbai,referral,control,2025-05
1493,2025-03-05,Pune,direct,control,2025-03
1494,2025-04-05,Hyderabad,organic_search,control,2025-04
1495,2025-05-21,Pune,direct,variant,2025-05
1496,2025-05-05,Pune,email,control,2025-05
1497,2025-06-20,Hyderabad,organic_search,control,2025-06
1498,2025-07-12,Kolkata,paid_social,variant,2025-07
1499,2025-05-27,Ahmedabad,email,variant,2025-05
1500,2025-07-29,Mumbai,organic_search,control,2025-07
1501,2025-06-25,Ahmedabad,paid_social,variant,2025-06
1502,2025-04-06,Delhi,email,variant,2025-04
1503,2025-03-31,Delhi,organic_search,control,2025-03
1504,2025-04-20,Pune,paid_social,variant,2025-04
1505,2025-06-13,Mumbai,paid_social,variant,2025-06
1506,2025-04-23,Bengaluru,email,control,2025-04
1507,2025-08-01,Delhi,referral,control,2025-08
1508,2025-05-02,Hyderabad,direct,control,2025-05
1509,2025-08-13,Kolkata,email,variant,2025-08
1510,2025-07-23,Ahmedabad,paid_social,control,2025-07
1511,2025-05-11,Delhi,email,control,2025-05
1512,2025-04-22,Pune,paid_social,variant,2025-04
1513,2025-07-24,Hyderabad,organic_search,variant,2025-07
1514,2025-04-24,Hyderabad,email,control,2025-04
1515,2025-04-14,Chennai,email,control,2025-04
1516,2025-08-17,Ahmedabad,paid_social,control,2025-08
1517,2025-05-14,Hyderabad,direct,variant,2025-05
1518,2025-03-19,Mumbai,email,control,2025-03
1519,2025-05-15,Ahmedabad,paid_social,control,2025-05
1520,2025-05-14,Ahmedabad,organic_search,variant,2025-05
1521,2025-08-10,Bengaluru,organic_search,control,2025-08
1522,2025-07-17,Pune,paid_social,control,2025-07
1523,2025-04-21,Kolkata,paid_social,variant,2025-04
1524,2025-03-26,Pune,organic_search,control,2025-03
1525,2025-06-16,Hyderabad,organic_search,variant,2025-06
1526,2025-03-03,Ahmedabad,organic_search,variant,2025-03
1527,2025-04-16,Kolkata,direct,control,2025-04
1528,2025-03-09,Pune,direct,variant,2025-03
1529,2025-03-01,Delhi,paid_social,variant,2025-03
1530,2025-07-31,Hyderabad,organic_search,variant,2025-07
1531,2025-03-17,Chennai,organic_search,variant,2025-03
1532,2025-03-27,Bengaluru,organic_search,control,2025-03
1533,2025-08-12,Pune,paid_social,control,2025-08
1534,2025-04-12,Chennai,organic_search,variant,2025-04
1535,2025-07-01,Mumbai,organic_search,control,2025-07
1536,2025-03-19,Pune,referral,control,2025-03
1537,2025-03-02,Chennai,paid_social,control,2025-03
1538,2025-03-24,Delhi,direct,control,2025-03
1539,2025-07-21,Pune,organic_search,variant,2025-07
1540,2025-06-26,Chennai,organic_search,variant,2025-06
1541,2025-05-07,Mumbai,referral,variant,2025-05
1542,2025-04-04,Chennai,paid_social,control,2025-04
1543,2025-03-09,Bengaluru,email,control,2025-03
1544,2025-06-21,Hyderabad,referral,variant,2025-06
1545,2025-04-06,Chennai,paid_social,control,2025-04
1546,2025-06-23,Mumbai,organic_search,variant,2025-06
1547,2025-07-03,Mumbai,paid_social,variant,2025-07
1548,2025-07-30,Hyderabad,organic_search,control,2025-07
1549,2025-05-06,Ahmedabad,organic_search,control,2025-05
1550,2025-03-22,Mumbai,organic_search,variant,2025-03
1551,2025-04-16,Kolkata,direct,control,2025-04
1552,2025-08-07,Mumbai,email,variant,2025-08
1553,2025-06-17,Hyderabad,organic_search,variant,2025-06
1554,2025-06-17,Hyderabad,organic_search,control,2025-06
1555,2025-05-15,Hyderabad,email,variant,2025-05
1556,2025-03-15,Mumbai,referral,control,2025-03
1557,2025-07-31,Kolkata,organic_search,control,2025-07
1558,2025-07-06,Bengaluru,organic_search,variant,2025-07
1559,2025-08-12,Kolkata,direct,variant,2025-08
1560,2025-08-01,Chennai,direct,variant,2025-08
1561,2025-04-13,Pune,referral,variant,2025-04
1562,2025-04-03,Bengaluru,organic_search,variant,2025-04
1563,2025-04-22,Chennai,organic_search,control,2025-04
1564,2025-07-31,Ahmedabad,paid_social,control,2025-07
1565,2025-06-01,Ahmedabad,organic_search,control,2025-06
1566,2025-05-17,Ahmedabad,direct,control,2025-05
1567,2025-08-04,Delhi,organic_search,control,2025-08
1568,2025-06-08,Pune,email,variant,2025-06
1569,2025-08-06,Hyderabad,referral,control,2025-08
1570,2025-08-04,Ahmedabad,referral,variant,2025-08
1571,2025-03-22,Ahmedabad,email,variant,2025-03
1572,2025-05-19,Kolkata,referral,variant,2025-05
1573,2025-07-05,Delhi,organic_search,control,2025-07
1574,2025-07-18,Bengaluru,paid_social,variant,2025-07
1575,2025-03-20,Chennai,organic_search,variant,2025-03
1576,2025-04-15,Chennai,referral,control,2025-04
1577,2025-06-15,Bengaluru,referral,control,2025-06
1578,2025-07-25,Delhi,organic_search,control,2025-07
1579,2025-03-13,Delhi,organic_search,variant,2025-03
1580,2025-06-09,Chennai,paid_social,variant,2025-06
1581,2025-04-15,Hyderabad,organic_search,control,2025-04
1582,2025-04-23,Hyderabad,direct,variant,2025-04
1583,2025-06-18,Kolkata,organic_search,control,2025-06
1584,2025-05-02,Mumbai,direct,control,2025-05
1585,2025-06-11,Kolkata,paid_social,variant,2025-06
1586,2025-04-20,Bengaluru,paid_social,variant,2025-04
1587,2025-07-05,Ahmedabad,organic_search,variant,2025-07
1588,2025-03-28,Ahmedabad,referral,control,2025-03
1589,2025-08-20,Pune,email,control,2025-08
1590,2025-03-24,Bengaluru,paid_social,control,2025-03
1591,2025-07-01,Delhi,paid_social,control,2025-07
1592,2025-05-16,Delhi,referral,control,2025-05
1593,2025-05-14,Ahmedabad,direct,variant,2025-05
1594,2025-03-18,Delhi,direct,variant,2025-03
1595,2025-07-22,Hyderabad,email,control,2025-07
1596,2025-03-10,Hyderabad,direct,control,2025-03
1597,2025-06-13,Chennai,organic_search,control,2025-06
1598,2025-07-18,Kolkata,email,control,2025-07
1599,2025-08-19,Pune,paid_social,variant,2025-08
1600,2025-07-20,Kolkata,paid_social,control,2025-07
1601,2025-04-09,Pune,referral,variant,2025-04
1602,2025-07-26,Hyderabad,referral,control,2025-07
1603,2025-06-29,Delhi,paid_social,control,2025-06
1604,2025-04-13,Delhi,paid_social,variant,2025-04
1605,2025-03-18,Hyderabad,direct,control,2025-03
1606,2025-07-30,Mumbai,referral,control,2025-07
1607,2025-03-13,Bengaluru,direct,variant,2025-03
1608,2025-06-15,Hyderabad,organic_search,control,2025-06
1609,2025-04-17,Hyderabad,organic_search,control,2025-04
1610,2025-03-04,Kolkata,direct,control,2025-03
1611,2025-07-06,Ahmedabad,direct,control,2025-07
1612,2025-03-07,Chennai,email,variant,2025-03
1613,2025-07-16,Mumbai,email,control,2025-07
1614,2025-07-08,Hyderabad,paid_social,variant,2025-07
1615,2025-03-17,Chennai,paid_social,variant,2025-03
1616,2025-04-20,Pune,direct,control,2025-04
1617,2025-07-21,Hyderabad,organic_search,control,2025-07
1618,2025-06-04,Hyderabad,email,control,2025-06
1619,2025-03-26,Hyderabad,email,control,2025-03
1620,2025-08-02,Pune,direct,control,2025-08
1621,2025-03-31,Delhi,organic_search,variant,2025-03
1622,2025-03-02,Pune,email,control,2025-03
1623,2025-08-03,Delhi,organic_search,control,2025-08
1624,2025-03-25,Chennai,organic_search,variant,2025-03
1625,2025-06-04,Kolkata,paid_social,variant,2025-06
1626,2025-08-17,Pune,organic_search,control,2025-08
1627,2025-06-10,Hyderabad,referral,control,2025-06
1628,2025-05-31,Ahmedabad,referral,variant,2025-05
1629,2025-05-12,Chennai,organic_search,control,2025-05
1630,2025-03-01,Hyderabad,direct,variant,2025-03
1631,2025-06-12,Mumbai,paid_social,variant,2025-06
1632,2025-08-13,Mumbai,email,variant,2025-08
1633,2025-03-15,Delhi,direct,control,2025-03
1634,2025-08-05,Delhi,paid_social,control,2025-08
1635,2025-05-21,Chennai,organic_search,control,2025-05
1636,2025-06-15,Pune,organic_search,variant,2025-06
1637,2025-03-08,Ahmedabad,paid_social,variant,2025-03
1638,2025-06-11,Pune,referral,variant,2025-06
1639,2025-04-03,Ahmedabad,paid_social,variant,2025-04
1640,2025-04-25,Pune,paid_social,variant,2025-04
1641,2025-07-20,Bengaluru,organic_search,variant,2025-07
1642,2025-03-09,Chennai,referral,control,2025-03
1643,2025-05-18,Hyderabad,organic_search,control,2025-05
1644,2025-06-18,Bengaluru,email,variant,2025-06
1645,2025-03-18,Hyderabad,email,variant,2025-03
1646,2025-04-01,Chennai,organic_search,control,2025-04
1647,2025-05-24,Hyderabad,organic_search,variant,2025-05
1648,2025-06-25,Chennai,paid_social,control,2025-06
1649,2025-08-25,Ahmedabad,organic_search,control,2025-08
1650,2025-08-25,Hyderabad,email,variant,2025-08
1651,2025-04-26,Bengaluru,direct,control,2025-04
1652,2025-03-21,Hyderabad,organic_search,variant,2025-03
1653,2025-03-02,Kolkata,paid_social,variant,2025-03
1654,2025-06-12,Delhi,organic_search,variant,2025-06
1655,2025-03-07,Ahmedabad,organic_search,control,2025-03
1656,2025-04-06,Hyderabad,direct,variant,2025-04
1657,2025-08-21,Kolkata,direct,control,2025-08
1658,2025-08-20,Kolkata,direct,variant,2025-08
1659,2025-08-12,Kolkata,organic_search,control,2025-08
1660,2025-04-20,Ahmedabad,paid_social,variant,2025-04
1661,2025-06-02,Delhi,paid_social,variant,2025-06
1662,2025-06-05,Pune,referral,control,2025-06
1663,2025-04-24,Mumbai,email,control,2025-04
1664,2025-06-11,Bengaluru,referral,control,2025-06
1665,2025-06-14,Mumbai,organic_search,variant,2025-06
1666,2025-05-12,Chennai,paid_social,variant,2025-05
1667,2025-07-04,Pune,direct,variant,2025-07
1668,2025-07-22,Chennai,paid_social,variant,2025-07
1669,2025-06-20,Delhi,email,control,2025-06
1670,2025-07-18,Bengaluru,paid_social,variant,2025-07
1671,2025-07-08,Chennai,referral,control,2025-07
1672,2025-06-17,Kolkata,organic_search,variant,2025-06
1673,2025-04-26,Ahmedabad,referral,control,2025-04
1674,2025-07-17,Mumbai,paid_social,variant,2025-07
1675,2025-07-12,Hyderabad,paid_social,control,2025-07
1676,2025-08-05,Mumbai,paid_social,control,2025-08
1677,2025-03-15,Kolkata,organic_search,control,2025-03
1678,2025-05-10,Mumbai,referral,variant,2025-05
1679,2025-08-15,Kolkata,referral,variant,2025-08
1680,2025-05-31,Delhi,referral,control,2025-05
1681,2025-08-03,Mumbai,referral,control,2025-08
1682,2025-03-23,Ahmedabad,email,control,2025-03
1683,2025-03-11,Hyderabad,paid_social,variant,2025-03
1684,2025-07-11,Hyderabad,direct,variant,2025-07
1685,2025-05-15,Chennai,organic_search,variant,2025-05
1686,2025-06-11,Bengaluru,direct,variant,2025-06
1687,2025-05-21,Chennai,paid_social,control,2025-05
1688,2025-05-06,Hyderabad,email,control,2025-05
1689,2025-08-19,Bengaluru,paid_social,variant,2025-08
1690,2025-03-06,Hyderabad,paid_social,variant,2025-03
1691,2025-07-09,Mumbai,organic_search,control,2025-07
1692,2025-08-14,Bengaluru,paid_social,variant,2025-08
1693,2025-06-23,Pune,paid_social,control,2025-06
1694,2025-05-06,Delhi,organic_search,control,2025-05
1695,2025-03-17,Mumbai,organic_search,control,2025-03
1696,2025-06-30,Chennai,paid_social,variant,2025-06
1697,2025-05-02,Hyderabad,organic_search,variant,2025-05
1698,2025-03-22,Delhi,direct,variant,2025-03
1699,2025-05-20,Chennai,organic_search,variant,2025-05
1700,2025-08-08,Kolkata,paid_social,variant,2025-08
1701,2025-04-17,Mumbai,organic_search,control,2025-04
1702,2025-04-10,Delhi,paid_social,variant,2025-04
1703,2025-07-06,Bengaluru,paid_social,control,2025-07
1704,2025-04-12,Chennai,email,variant,2025-04
1705,2025-08-06,Mumbai,paid_social,control,2025-08
1706,2025-08-20,Kolkata,paid_social,control,2025-08
1707,2025-08-09,Bengaluru,organic_search,variant,2025-08
1708,2025-08-06,Delhi,paid_social,control,2025-08
1709,2025-04-15,Kolkata,paid_social,control,2025-04
1710,2025-04-21,Mumbai,email,variant,2025-04
1711,2025-05-07,Delhi,paid_social,variant,2025-05
1712,2025-05-26,Ahmedabad,direct,control,2025-05
1713,2025-08-10,Pune,paid_social,control,2025-08
1714,2025-07-17,Hyderabad,organic_search,control,2025-07
1715,2025-06-25,Chennai,organic_search,variant,2025-06
1716,2025-08-10,Chennai,organic_search,variant,2025-08
1717,2025-06-04,Pune,paid_social,control,2025-06
1718,2025-05-20,Mumbai,direct,variant,2025-05
1719,2025-04-30,Pune,direct,variant,2025-04
1720,2025-06-11,Bengaluru,paid_social,variant,2025-06
1721,2025-03-28,Kolkata,organic_search,control,2025-03
1722,2025-07-10,Pune,direct,variant,2025-07
1723,2025-06-18,Mumbai,organic_search,variant,2025-06
1724,2025-07-13,Ahmedabad,paid_social,control,2025-07
1725,2025-06-05,Bengaluru,direct,control,2025-06
1726,2025-07-07,Bengaluru,paid_social,control,2025-07
1727,2025-08-12,Ahmedabad,organic_search,control,2025-08
1728,2025-06-01,Kolkata,organic_search,variant,2025-06
1729,2025-05-11,Kolkata,email,variant,2025-05
1730,2025-03-12,Chennai,organic_search,control,2025-03
1731,2025-07-22,Ahmedabad,email,variant,2025-07
1732,2025-08-01,Mumbai,paid_social,control,2025-08
1733,2025-07-22,Pune,organic_search,variant,2025-07
1734,2025-08-09,Bengaluru,organic_search,control,2025-08
1735,2025-08-16,Hyderabad,direct,variant,2025-08
1736,2025-07-14,Delhi,paid_social,variant,2025-07
1737,2025-06-07,Delhi,email,variant,2025-06
1738,2025-03-27,Hyderabad,paid_social,variant,2025-03
1739,2025-03-07,Ahmedabad,organic_search,control,2025-03
1740,2025-04-01,Chennai,paid_social,variant,2025-04
1741,2025-05-21,Bengaluru,paid_social,variant,2025-05
1742,2025-07-16,Hyderabad,paid_social,control,2025-07
1743,2025-05-24,Pune,direct,variant,2025-05
1744,2025-03-13,Delhi,referral,control,2025-03
1745,2025-03-31,Pune,direct,control,2025-03
1746,2025-07-29,Chennai,paid_social,variant,2025-07
1747,2025-08-10,Delhi,paid_social,control,2025-08
1748,2025-05-06,Pune,email,control,2025-05
1749,2025-07-24,Chennai,organic_search,control,2025-07
1750,2025-07-02,Pune,direct,variant,2025-07
1751,2025-08-22,Bengaluru,direct,variant,2025-08
1752,2025-08-04,Pune,organic_search,control,2025-08
1753,2025-06-02,Kolkata,referral,variant,2025-06
1754,2025-05-07,Delhi,direct,variant,2025-05
1755,2025-06-03,Pune,paid_social,variant,2025-06
1756,2025-04-11,Chennai,referral,variant,2025-04
1757,2025-05-09,Bengaluru,organic_search,variant,2025-05
1758,2025-06-13,Hyderabad,organic_search,control,2025-06
1759,2025-06-14,Ahmedabad,organic_search,control,2025-06
1760,2025-05-30,Bengaluru,paid_social,variant,2025-05
1761,2025-05-03,Pune,paid_social,control,2025-05
1762,2025-05-04,Delhi,referral,control,2025-05
1763,2025-03-06,Ahmedabad,organic_search,control,2025-03
1764,2025-06-01,Pune,organic_search,control,2025-06
1765,2025-06-07,Kolkata,email,variant,2025-06
1766,2025-08-13,Pune,organic_search,control,2025-08
1767,2025-06-07,Bengaluru,email,variant,2025-06
1768,2025-05-09,Bengaluru,paid_social,variant,2025-05
1769,2025-03-14,Chennai,referral,control,2025-03
1770,2025-04-15,Kolkata,email,control,2025-04
1771,2025-05-09,Delhi,organic_search,control,2025-05
1772,2025-05-06,Kolkata,organic_search,variant,2025-05
1773,2025-05-11,Kolkata,organic_search,control,2025-05
1774,2025-04-30,Mumbai,referral,variant,2025-04
1775,2025-07-12,Mumbai,email,control,2025-07
1776,2025-03-27,Chennai,paid_social,control,2025-03
1777,2025-04-11,Kolkata,organic_search,control,2025-04
1778,2025-03-04,Hyderabad,direct,control,2025-03
1779,2025-04-19,Chennai,organic_search,control,2025-04
1780,2025-07-02,Ahmedabad,email,variant,2025-07
1781,2025-03-06,Bengaluru,direct,control,2025-03
1782,2025-05-04,Delhi,organic_search,variant,2025-05
1783,2025-03-25,Ahmedabad,paid_social,variant,2025-03
1784,2025-08-25,Bengaluru,organic_search,variant,2025-08
1785,2025-07-14,Hyderabad,paid_social,variant,2025-07
1786,2025-04-17,Hyderabad,referral,control,2025-04
1787,2025-04-18,Pune,email,variant,2025-04
1788,2025-03-18,Bengaluru,direct,control,2025-03
1789,2025-05-15,Chennai,paid_social,variant,2025-05
1790,2025-07-26,Chennai,organic_search,control,2025-07
1791,2025-06-19,Delhi,email,variant,2025-06
1792,2025-07-31,Hyderabad,paid_social,variant,2025-07
1793,2025-05-10,Mumbai,organic_search,variant,2025-05
1794,2025-04-27,Delhi,paid_social,control,2025-04
1795,2025-05-11,Ahmedabad,email,variant,2025-05
1796,2025-04-05,Pune,email,variant,2025-04
1797,2025-08-22,Pune,organic_search,control,2025-08
1798,2025-04-17,Ahmedabad,direct,control,2025-04
1799,2025-05-15,Chennai,paid_social,control,2025-05
1800,2025-06-10,Kolkata,organic_search,control,2025-06
1801,2025-03-04,Chennai,organic_search,variant,2025-03
1802,2025-05-10,Hyderabad,direct,control,2025-05
1803,2025-05-12,Chennai,paid_social,variant,2025-05
1804,2025-04-26,Bengaluru,paid_social,variant,2025-04
1805,2025-03-09,Ahmedabad,organic_search,variant,2025-03
1806,2025-03-05,Delhi,email,variant,2025-03
1807,2025-03-12,Ahmedabad,direct,variant,2025-03
1808,2025-05-27,Ahmedabad,organic_search,variant,2025-05
1809,2025-03-14,Delhi,referral,control,2025-03
1810,2025-08-08,Chennai,organic_search,variant,2025-08
1811,2025-04-18,Ahmedabad,organic_search,variant,2025-04
1812,2025-06-17,Pune,paid_social,control,2025-06
1813,2025-07-07,Bengaluru,email,variant,2025-07
1814,2025-05-27,Ahmedabad,organic_search,variant,2025-05
1815,2025-08-14,Pune,paid_social,control,2025-08
1816,2025-03-02,Mumbai,organic_search,variant,2025-03
1817,2025-04-11,Delhi,paid_social,variant,2025-04
1818,2025-04-25,Chennai,email,control,2025-04
1819,2025-03-12,Hyderabad,referral,control,2025-03
1820,2025-04-15,Delhi,paid_social,control,2025-04
1821,2025-04-17,Kolkata,email,variant,2025-04
1822,2025-07-18,Mumbai,paid_social,control,2025-07
1823,2025-04-24,Delhi,organic_search,variant,2025-04
1824,2025-08-02,Hyderabad,organic_search,variant,2025-08
1825,2025-07-13,Mumbai,referral,variant,2025-07
1826,2025-08-12,Hyderabad,organic_search,control,2025-08
1827,2025-03-05,Ahmedabad,direct,control,2025-03
1828,2025-08-16,Ahmedabad,organic_search,control,2025-08
1829,2025-06-02,Kolkata,direct,control,2025-06
1830,2025-08-10,Bengaluru,organic_search,control,2025-08
1831,2025-05-09,Mumbai,referral,control,2025-05
1832,2025-08-02,Kolkata,email,control,2025-08
1833,2025-06-22,Bengaluru,organic_search,variant,2025-06
1834,2025-03-07,Chennai,email,control,2025-03
1835,2025-05-07,Mumbai,email,control,2025-05
1836,2025-03-24,Chennai,organic_search,variant,2025-03
1837,2025-08-22,Pune,organic_search,variant,2025-08
1838,2025-03-31,Ahmedabad,email,variant,2025-03
1839,2025-04-07,Mumbai,email,variant,2025-04
1840,2025-06-18,Hyderabad,organic_search,control,2025-06
1841,2025-05-21,Ahmedabad,direct,variant,2025-05
1842,2025-03-28,Hyderabad,organic_search,variant,2025-03
1843,2025-07-14,Chennai,organic_search,variant,2025-07
1844,2025-07-29,Delhi,paid_social,variant,2025-07
1845,2025-07-23,Chennai,organic_search,control,2025-07
1846,2025-06-03,Bengaluru,organic_search,control,2025-06
1847,2025-05-03,Pune,paid_social,variant,2025-05
1848,2025-06-17,Ahmedabad,organic_search,variant,2025-06
1849,2025-06-15,Chennai,organic_search,control,2025-06
1850,2025-03-02,Hyderabad,email,control,2025-03
1851,2025-03-05,Delhi,paid_social,control,2025-03
1852,2025-04-16,Bengaluru,direct,control,2025-04
1853,2025-05-07,Kolkata,paid_social,control,2025-05
1854,2025-03-20,Delhi,paid_social,variant,2025-03
1855,2025-03-12,Chennai,organic_search,control,2025-03
1856,2025-08-14,Hyderabad,direct,control,2025-08
1857,2025-05-13,Bengaluru,organic_search,control,2025-05
1858,2025-06-09,Chennai,organic_search,variant,2025-06
1859,2025-06-08,Bengaluru,direct,variant,2025-06
1860,2025-07-18,Bengaluru,email,variant,2025-07
1861,2025-07-13,Pune,email,variant,2025-07
1862,2025-04-16,Kolkata,organic_search,variant,2025-04
1863,2025-08-14,Kolkata,organic_search,variant,2025-08
1864,2025-05-05,Chennai,paid_social,variant,2025-05
1865,2025-08-23,Chennai,email,control,2025-08
1866,2025-05-15,Kolkata,paid_social,variant,2025-05
1867,2025-03-21,Bengaluru,organic_search,control,2025-03
1868,2025-07-23,Bengaluru,organic_search,variant,2025-07
1869,2025-03-26,Hyderabad,paid_social,control,2025-03
1870,2025-07-17,Chennai,email,control,2025-07
1871,2025-03-23,Chennai,organic_search,control,2025-03
1872,2025-04-13,Delhi,organic_search,variant,2025-04
1873,2025-06-19,Kolkata,organic_search,variant,2025-06
1874,2025-08-07,Bengaluru,organic_search,control,2025-08
1875,2025-05-19,Ahmedabad,paid_social,variant,2025-05
1876,2025-03-03,Chennai,organic_search,control,2025-03
1877,2025-04-25,Ahmedabad,email,variant,2025-04
1878,2025-08-04,Chennai,direct,control,2025-08
1879,2025-07-17,Pune,referral,control,2025-07
1880,2025-03-01,Delhi,referral,variant,2025-03
1881,2025-05-04,Hyderabad,organic_search,variant,2025-05
1882,2025-04-27,Kolkata,organic_search,variant,2025-04
1883,2025-04-23,Hyderabad,organic_search,variant,2025-04
1884,2025-08-04,Mumbai,email,variant,2025-08
1885,2025-06-02,Delhi,organic_search,control,2025-06
1886,2025-04-22,Pune,paid_social,control,2025-04
1887,2025-06-26,Chennai,organic_search,variant,2025-06
1888,2025-05-04,Ahmedabad,organic_search,control,2025-05
1889,2025-03-19,Ahmedabad,email,variant,2025-03
1890,2025-05-07,Pune,email,control,2025-05
1891,2025-04-20,Pune,paid_social,control,2025-04
1892,2025-04-11,Kolkata,referral,control,2025-04
1893,2025-08-01,Mumbai,organic_search,variant,2025-08
1894,2025-07-08,Pune,organic_search,variant,2025-07
1895,2025-03-16,Hyderabad,paid_social,control,2025-03
1896,2025-08-20,Kolkata,email,control,2025-08
1897,2025-05-30,Kolkata,paid_social,control,2025-05
1898,2025-08-24,Chennai,organic_search,control,2025-08
1899,2025-07-17,Chennai,referral,control,2025-07
1900,2025-05-24,Chennai,organic_search,variant,2025-05
1901,2025-06-25,Pune,paid_social,control,2025-06
1902,2025-06-03,Delhi,email,control,2025-06
1903,2025-07-01,Bengaluru,referral,control,2025-07
1904,2025-04-21,Chennai,email,control,2025-04
1905,2025-04-05,Pune,referral,control,2025-04
1906,2025-04-04,Delhi,organic_search,variant,2025-04
1907,2025-04-13,Ahmedabad,email,variant,2025-04
1908,2025-03-26,Ahmedabad,direct,variant,2025-03
1909,2025-03-23,Chennai,paid_social,control,2025-03
1910,2025-08-12,Delhi,paid_social,variant,2025-08
1911,2025-03-06,Ahmedabad,referral,variant,2025-03
1912,2025-08-07,Delhi,organic_search,variant,2025-08
1913,2025-03-20,Hyderabad,paid_social,variant,2025-03
1914,2025-07-03,Kolkata,direct,control,2025-07
1915,2025-04-14,Pune,referral,variant,2025-04
1916,2025-05-30,Delhi,referral,variant,2025-05
1917,2025-04-09,Mumbai,direct,variant,2025-04
1918,2025-05-06,Bengaluru,organic_search,variant,2025-05
1919,2025-05-19,Chennai,referral,variant,2025-05
1920,2025-06-24,Chennai,paid_social,control,2025-06
1921,2025-05-04,Delhi,email,variant,2025-05
1922,2025-06-21,Delhi,paid_social,variant,2025-06
1923,2025-07-17,Chennai,direct,variant,2025-07
1924,2025-05-27,Delhi,paid_social,variant,2025-05
1925,2025-05-25,Mumbai,direct,control,2025-05
1926,2025-03-03,Hyderabad,organic_search,control,2025-03
1927,2025-05-20,Pune,organic_search,control,2025-05
1928,2025-03-17,Delhi,paid_social,variant,2025-03
1929,2025-04-03,Delhi,organic_search,variant,2025-04
1930,2025-08-05,Delhi,email,variant,2025-08
1931,2025-03-26,Bengaluru,organic_search,variant,2025-03
1932,2025-05-15,Mumbai,paid_social,variant,2025-05
1933,2025-08-07,Mumbai,organic_search,control,2025-08
1934,2025-08-06,Bengaluru,organic_search,variant,2025-08
1935,2025-03-24,Mumbai,email,variant,2025-03
1936,2025-03-08,Bengaluru,organic_search,variant,2025-03
1937,2025-05-04,Pune,organic_search,variant,2025-05
1938,2025-06-15,Mumbai,organic_search,variant,2025-06
1939,2025-08-25,Pune,organic_search,control,2025-08
1940,2025-04-05,Pune,email,variant,2025-04
1941,2025-03-08,Pune,organic_search,variant,2025-03
1942,2025-04-13,Chennai,paid_social,control,2025-04
1943,2025-08-03,Kolkata,email,control,2025-08
1944,2025-03-19,Mumbai,paid_social,control,2025-03
1945,2025-05-07,Delhi,paid_social,control,2025-05
1946,2025-03-04,Bengaluru,organic_search,variant,2025-03
1947,2025-03-08,Chennai,referral,control,2025-03
1948,2025-08-24,Kolkata,paid_social,control,2025-08
1949,2025-03-27,Ahmedabad,organic_search,variant,2025-03
1950,2025-04-14,Pune,referral,control,2025-04
1951,2025-08-09,Hyderabad,email,variant,2025-08
1952,2025-06-21,Hyderabad,email,control,2025-06
1953,2025-03-06,Mumbai,direct,control,2025-03
1954,2025-05-18,Hyderabad,organic_search,variant,2025-05
1955,2025-08-17,Pune,direct,variant,2025-08
1956,2025-05-19,Delhi,email,variant,2025-05
1957,2025-06-05,Kolkata,paid_social,variant,2025-06
1958,2025-06-19,Kolkata,organic_search,control,2025-06
1959,2025-06-16,Bengaluru,organic_search,variant,2025-06
1960,2025-04-24,Ahmedabad,referral,control,2025-04
1961,2025-08-02,Mumbai,organic_search,control,2025-08
1962,2025-08-15,Ahmedabad,organic_search,control,2025-08
1963,2025-03-24,Kolkata,email,variant,2025-03
1964,2025-07-06,Delhi,email,control,2025-07
1965,2025-07-19,Chennai,organic_search,control,2025-07
1966,2025-07-01,Bengaluru,direct,control,2025-07
1967,2025-05-20,Kolkata,paid_social,variant,2025-05
1968,2025-05-16,Delhi,direct,control,2025-05
1969,2025-08-03,Delhi,organic_search,variant,2025-08
1970,2025-03-02,Bengaluru,organic_search,control,2025-03
1971,2025-07-19,Delhi,email,variant,2025-07
1972,2025-08-04,Bengaluru,organic_search,control,2025-08
1973,2025-07-12,Pune,paid_social,variant,2025-07
1974,2025-05-01,Chennai,organic_search,control,2025-05
1975,2025-06-25,Pune,direct,control,2025-06
1976,2025-03-16,Delhi,direct,control,2025-03
1977,2025-08-24,Delhi,direct,control,2025-08
1978,2025-05-04,Ahmedabad,referral,control,2025-05
1979,2025-03-06,Bengaluru,referral,control,2025-03
1980,2025-07-16,Mumbai,paid_social,variant,2025-07
1981,2025-06-15,Hyderabad,paid_social,variant,2025-06
1982,2025-06-21,Mumbai,direct,control,2025-06
1983,2025-03-26,Bengaluru,referral,control,2025-03
1984,2025-07-22,Kolkata,referral,control,2025-07
1985,2025-06-02,Bengaluru,direct,control,2025-06
1986,2025-07-07,Chennai,organic_search,control,2025-07
1987,2025-07-24,Hyderabad,referral,control,2025-07
1988,2025-04-15,Bengaluru,referral,control,2025-04
1989,2025-04-24,Chennai,email,variant,2025-04
1990,2025-08-13,Pune,direct,variant,2025-08
1991,2025-05-31,Bengaluru,paid_social,variant,2025-05
1992,2025-05-13,Delhi,referral,control,2025-05
1993,2025-04-23,Ahmedabad,organic_search,variant,2025-04
1994,2025-06-17,Delhi,direct,control,2025-06
1995,2025-07-02,Ahmedabad,organic_search,control,2025-07
1996,2025-03-06,Hyderabad,organic_search,variant,2025-03
1997,2025-06-22,Ahmedabad,organic_search,control,2025-06
1998,2025-08-25,Bengaluru,paid_social,control,2025-08
1999,2025-04-21,Pune,organic_search,variant,2025-04
2000,2025-04-02,Pune,referral,variant,2025-04
2001,2025-08-15,Bengaluru,paid_social,variant,2025-08
2002,2025-03-24,Delhi,direct,control,2025-03
2003,2025-05-17,Pune,organic_search,control,2025-05
2004,2025-05-16,Chennai,organic_search,variant,2025-05
2005,2025-07-12,Bengaluru,direct,control,2025-07
2006,2025-03-07,Kolkata,email,control,2025-03
2007,2025-05-07,Chennai,paid_social,control,2025-05
2008,2025-03-21,Delhi,direct,variant,2025-03
2009,2025-06-30,Ahmedabad,direct,variant,2025-06
2010,2025-06-01,Mumbai,paid_social,control,2025-06
2011,2025-05-11,Chennai,referral,variant,2025-05
2012,2025-05-21,Hyderabad,email,control,2025-05
2013,2025-03-19,Chennai,email,variant,2025-03
2014,2025-08-14,Kolkata,paid_social,control,2025-08
2015,2025-06-13,Chennai,organic_search,control,2025-06
2016,2025-04-03,Chennai,organic_search,control,2025-04
2017,2025-05-09,Kolkata,direct,variant,2025-05
2018,2025-07-01,Chennai,email,variant,2025-07
2019,2025-07-20,Kolkata,organic_search,variant,2025-07
2020,2025-05-21,Hyderabad,email,control,2025-05
2021,2025-04-07,Delhi,organic_search,control,2025-04
2022,2025-06-07,Delhi,organic_search,control,2025-06
2023,2025-06-07,Pune,referral,control,2025-06
2024,2025-06-23,Pune,paid_social,control,2025-06
2025,2025-03-14,Mumbai,organic_search,variant,2025-03
2026,2025-05-21,Delhi,paid_social,variant,2025-05
2027,2025-06-11,Ahmedabad,paid_social,variant,2025-06
2028,2025-08-17,Chennai,email,control,2025-08
2029,2025-06-13,Kolkata,referral,control,2025-06
2030,2025-05-07,Delhi,paid_social,variant,2025-05
2031,2025-06-23,Mumbai,paid_social,control,2025-06
2032,2025-04-19,Bengaluru,paid_social,variant,2025-04
2033,2025-03-22,Kolkata,paid_social,variant,2025-03
2034,2025-07-25,Pune,organic_search,control,2025-07
2035,2025-08-04,Kolkata,organic_search,control,2025-08
2036,2025-07-31,Hyderabad,direct,variant,2025-07
2037,2025-06-15,Hyderabad,paid_social,variant,2025-06
2038,2025-03-10,Pune,paid_social,variant,2025-03
2039,2025-08-10,Ahmedabad,organic_search,variant,2025-08
2040,2025-05-06,Hyderabad,direct,variant,2025-05
2041,2025-04-11,Pune,organic_search,control,2025-04
2042,2025-08-09,Ahmedabad,paid_social,variant,2025-08
2043,2025-07-08,Bengaluru,direct,variant,2025-07
2044,2025-07-19,Kolkata,paid_social,control,2025-07
2045,2025-04-16,Pune,referral,control,2025-04
2046,2025-08-11,Ahmedabad,organic_search,variant,2025-08
2047,2025-05-03,Hyderabad,email,variant,2025-05
2048,2025-06-14,Chennai,referral,control,2025-06
2049,2025-07-03,Bengaluru,paid_social,variant,2025-07
2050,2025-06-07,Chennai,email,variant,2025-06
2051,2025-04-11,Bengaluru,paid_social,variant,2025-04
2052,2025-04-03,Pune,direct,control,2025-04
2053,2025-05-10,Kolkata,referral,control,2025-05
2054,2025-08-05,Hyderabad,email,control,2025-08
2055,2025-07-22,Hyderabad,referral,variant,2025-07
2056,2025-05-24,Bengaluru,paid_social,variant,2025-05
2057,2025-06-29,Chennai,paid_social,control,2025-06
2058,2025-07-15,Pune,organic_search,variant,2025-07
2059,2025-05-17,Pune,email,control,2025-05
2060,2025-05-10,Mumbai,direct,variant,2025-05
2061,2025-08-11,Mumbai,email,control,2025-08
2062,2025-06-21,Mumbai,organic_search,variant,2025-06
2063,2025-03-11,Kolkata,paid_social,variant,2025-03
2064,2025-06-30,Kolkata,direct,variant,2025-06
2065,2025-06-09,Mumbai,referral,control,2025-06
2066,2025-06-06,Mumbai,organic_search,control,2025-06
2067,2025-07-09,Kolkata,organic_search,control,2025-07
2068,2025-08-04,Pune,paid_social,variant,2025-08
2069,2025-04-04,Bengaluru,organic_search,control,2025-04
2070,2025-05-27,Pune,referral,variant,2025-05
2071,2025-04-03,Delhi,paid_social,variant,2025-04
2072,2025-06-18,Delhi,paid_social,control,2025-06
2073,2025-05-20,Bengaluru,organic_search,control,2025-05
2074,2025-05-17,Ahmedabad,paid_social,control,2025-05
2075,2025-07-24,Kolkata,referral,variant,2025-07
2076,2025-04-30,Delhi,paid_social,variant,2025-04
2077,2025-05-08,Pune,organic_search,control,2025-05
2078,2025-05-05,Ahmedabad,organic_search,variant,2025-05
2079,2025-04-16,Ahmedabad,referral,control,2025-04
2080,2025-03-18,Kolkata,referral,control,2025-03
2081,2025-07-24,Delhi,organic_search,variant,2025-07
2082,2025-03-11,Delhi,email,variant,2025-03
2083,2025-04-06,Delhi,organic_search,control,2025-04
2084,2025-07-24,Delhi,paid_social,variant,2025-07
2085,2025-03-19,Delhi,organic_search,variant,2025-03
2086,2025-06-20,Bengaluru,direct,variant,2025-06
2087,2025-07-11,Pune,referral,variant,2025-07
2088,2025-06-11,Hyderabad,organic_search,control,2025-06
2089,2025-04-10,Hyderabad,paid_social,control,2025-04
2090,2025-03-21,Delhi,organic_search,variant,2025-03
2091,2025-08-03,Delhi,organic_search,variant,2025-08
2092,2025-04-27,Ahmedabad,organic_search,control,2025-04
2093,2025-07-03,Pune,organic_search,control,2025-07
2094,2025-04-12,Delhi,referral,control,2025-04
2095,2025-03-09,Kolkata,organic_search,control,2025-03
2096,2025-07-16,Kolkata,direct,control,2025-07
2097,2025-08-17,Ahmedabad,organic_search,control,2025-08
2098,2025-08-23,Delhi,paid_social,control,2025-08
2099,2025-07-21,Chennai,paid_social,variant,2025-07
2100,2025-04-06,Ahmedabad,referral,variant,2025-04
2101,2025-08-03,Kolkata,organic_search,control,2025-08
2102,2025-07-23,Delhi,organic_search,control,2025-07
2103,2025-04-13,Ahmedabad,email,control,2025-04
2104,2025-03-03,Hyderabad,email,variant,2025-03
2105,2025-08-21,Hyderabad,email,variant,2025-08
2106,2025-04-18,Pune,organic_search,variant,2025-04
2107,2025-06-29,Kolkata,organic_search,variant,2025-06
2108,2025-03-22,Mumbai,direct,control,2025-03
2109,2025-04-17,Pune,email,control,2025-04
2110,2025-04-17,Kolkata,email,control,2025-04
2111,2025-04-24,Pune,organic_search,control,2025-04
2112,2025-07-12,Bengaluru,organic_search,control,2025-07
2113,2025-08-10,Mumbai,referral,variant,2025-08
2114,2025-08-15,Pune,email,control,2025-08
2115,2025-07-04,Chennai,organic_search,variant,2025-07
2116,2025-04-04,Pune,referral,control,2025-04
2117,2025-08-21,Ahmedabad,paid_social,control,2025-08
2118,2025-06-05,Pune,organic_search,variant,2025-06
2119,2025-06-13,Pune,paid_social,control,2025-06
2120,2025-07-06,Mumbai,email,control,2025-07
2121,2025-07-05,Pune,paid_social,control,2025-07
2122,2025-08-14,Delhi,paid_social,variant,2025-08
2123,2025-06-21,Chennai,email,control,2025-06
2124,2025-06-11,Delhi,organic_search,variant,2025-06
2125,2025-07-02,Ahmedabad,referral,variant,2025-07
2126,2025-04-06,Bengaluru,paid_social,variant,2025-04
2127,2025-04-04,Hyderabad,paid_social,control,2025-04
2128,2025-06-23,Delhi,email,variant,2025-06
2129,2025-03-09,Delhi,email,control,2025-03
2130,2025-04-10,Ahmedabad,paid_social,variant,2025-04
2131,2025-06-30,Bengaluru,email,variant,2025-06
2132,2025-08-10,Pune,referral,control,2025-08
2133,2025-06-24,Ahmedabad,direct,control,2025-06
2134,2025-05-11,Pune,direct,variant,2025-05
2135,2025-05-18,Mumbai,organic_search,variant,2025-05
2136,2025-07-04,Bengaluru,paid_social,variant,2025-07
2137,2025-06-03,Hyderabad,paid_social,control,2025-06
2138,2025-03-21,Bengaluru,organic_search,variant,2025-03
2139,2025-05-31,Delhi,direct,variant,2025-05
2140,2025-05-12,Pune,organic_search,variant,2025-05
2141,2025-07-07,Hyderabad,organic_search,control,2025-07
2142,2025-07-29,Bengaluru,organic_search,variant,2025-07
2143,2025-08-12,Hyderabad,organic_search,variant,2025-08
2144,2025-06-25,Bengaluru,organic_search,control,2025-06
2145,2025-05-01,Delhi,email,control,2025-05
2146,2025-05-22,Hyderabad,paid_social,control,2025-05
2147,2025-04-15,Ahmedabad,organic_search,control,2025-04
2148,2025-08-18,Pune,organic_search,variant,2025-08
2149,2025-07-31,Pune,direct,control,2025-07
2150,2025-08-22,Ahmedabad,organic_search,variant,2025-08
2151,2025-03-31,Pune,paid_social,control,2025-03
2152,2025-04-25,Delhi,paid_social,variant,2025-04
2153,2025-08-16,Hyderabad,paid_social,variant,2025-08
2154,2025-06-08,Hyderabad,direct,variant,2025-06
2155,2025-06-29,Hyderabad,email,variant,2025-06
2156,2025-05-17,Delhi,referral,control,2025-05
2157,2025-05-02,Mumbai,direct,variant,2025-05
2158,2025-06-16,Bengaluru,organic_search,variant,2025-06
2159,2025-07-20,Ahmedabad,organic_search,control,2025-07
2160,2025-05-07,Chennai,organic_search,variant,2025-05
2161,2025-07-05,Kolkata,paid_social,control,2025-07
2162,2025-04-06,Delhi,paid_social,variant,2025-04
2163,2025-05-06,Hyderabad,organic_search,control,2025-05
2164,2025-08-01,Pune,organic_search,variant,2025-08
2165,2025-08-04,Hyderabad,paid_social,control,2025-08
2166,2025-08-16,Hyderabad,email,control,2025-08
2167,2025-04-08,Bengaluru,email,control,2025-04
2168,2025-08-19,Mumbai,referral,variant,2025-08
2169,2025-08-20,Kolkata,organic_search,control,2025-08
2170,2025-08-19,Ahmedabad,paid_social,variant,2025-08
2171,2025-03-16,Mumbai,referral,variant,2025-03
2172,2025-07-07,Hyderabad,email,variant,2025-07
2173,2025-08-24,Pune,paid_social,control,2025-08
2174,2025-07-04,Kolkata,paid_social,variant,2025-07
2175,2025-04-13,Ahmedabad,organic_search,variant,2025-04
2176,2025-07-11,Hyderabad,direct,control,2025-07
2177,2025-03-21,Chennai,email,control,2025-03
2178,2025-05-15,Ahmedabad,paid_social,variant,2025-05
2179,2025-06-21,Kolkata,paid_social,control,2025-06
2180,2025-05-25,Bengaluru,paid_social,control,2025-05
2181,2025-07-09,Kolkata,organic_search,control,2025-07
2182,2025-04-24,Hyderabad,direct,variant,2025-04
2183,2025-06-03,Mumbai,paid_social,variant,2025-06
2184,2025-06-24,Kolkata,organic_search,variant,2025-06
2185,2025-06-03,Kolkata,paid_social,variant,2025-06
2186,2025-04-23,Bengaluru,referral,control,2025-04
2187,2025-04-10,Hyderabad,paid_social,control,2025-04
2188,2025-04-27,Bengaluru,paid_social,control,2025-04
2189,2025-05-03,Mumbai,email,control,2025-05
2190,2025-06-12,Ahmedabad,direct,control,2025-06
2191,2025-05-25,Mumbai,email,variant,2025-05
2192,2025-05-01,Pune,direct,control,2025-05
2193,2025-04-07,Mumbai,organic_search,control,2025-04
2194,2025-04-02,Chennai,referral,control,2025-04
2195,2025-06-07,Ahmedabad,referral,control,2025-06
2196,2025-07-09,Chennai,paid_social,control,2025-07
2197,2025-04-17,Pune,email,control,2025-04
2198,2025-08-05,Kolkata,organic_search,control,2025-08
2199,2025-06-03,Ahmedabad,paid_social,variant,2025-06
2200,2025-04-04,Kolkata,organic_search,variant,2025-04
2201,2025-05-26,Delhi,organic_search,variant,2025-05
2202,2025-03-27,Pune,referral,variant,2025-03
2203,2025-03-07,Kolkata,organic_search,variant,2025-03
2204,2025-05-05,Bengaluru,paid_social,variant,2025-05
2205,2025-05-01,Chennai,organic_search,variant,2025-05
2206,2025-07-25,Mumbai,paid_social,variant,2025-07
2207,2025-03-20,Ahmedabad,paid_social,control,2025-03
2208,2025-08-19,Pune,organic_search,control,2025-08
2209,2025-04-08,Chennai,email,control,2025-04
2210,2025-03-18,Kolkata,referral,control,2025-03
2211,2025-06-30,Delhi,paid_social,variant,2025-06
2212,2025-07-17,Hyderabad,referral,control,2025-07
2213,2025-06-15,Kolkata,email,variant,2025-06
2214,2025-03-10,Delhi,email,variant,2025-03
2215,2025-03-20,Kolkata,organic_search,control,2025-03
2216,2025-05-18,Bengaluru,organic_search,control,2025-05
2217,2025-05-12,Pune,direct,control,2025-05
2218,2025-08-03,Pune,paid_social,control,2025-08
2219,2025-03-31,Chennai,paid_social,variant,2025-03
2220,2025-04-26,Kolkata,direct,variant,2025-04
2221,2025-08-05,Bengaluru,organic_search,variant,2025-08
2222,2025-03-09,Delhi,direct,variant,2025-03
2223,2025-03-20,Hyderabad,organic_search,variant,2025-03
2224,2025-05-07,Pune,referral,variant,2025-05
2225,2025-05-10,Kolkata,organic_search,control,2025-05
2226,2025-06-18,Kolkata,organic_search,control,2025-06
2227,2025-08-14,Bengaluru,email,control,2025-08
2228,2025-08-16,Ahmedabad,organic_search,variant,2025-08
2229,2025-03-31,Mumbai,referral,variant,2025-03
2230,2025-08-10,Mumbai,email,variant,2025-08
2231,2025-06-12,Mumbai,organic_search,variant,2025-06
2232,2025-03-18,Ahmedabad,organic_search,variant,2025-03
2233,2025-08-02,Delhi,referral,control,2025-08
2234,2025-03-05,Pune,email,control,2025-03
2235,2025-06-20,Kolkata,direct,variant,2025-06
2236,2025-07-17,Kolkata,organic_search,variant,2025-07
2237,2025-04-22,Ahmedabad,referral,variant,2025-04
2238,2025-04-07,Mumbai,paid_social,control,2025-04
2239,2025-05-27,Hyderabad,email,variant,2025-05
2240,2025-08-05,Pune,paid_social,variant,2025-08
2241,2025-04-18,Chennai,organic_search,variant,2025-04
2242,2025-06-03,Pune,referral,control,2025-06
2243,2025-05-25,Pune,referral,variant,2025-05
2244,2025-03-10,Bengaluru,paid_social,variant,2025-03
2245,2025-07-21,Mumbai,referral,variant,2025-07
2246,2025-07-08,Hyderabad,organic_search,variant,2025-07
2247,2025-06-21,Bengaluru,organic_search,variant,2025-06
2248,2025-04-12,Pune,organic_search,variant,2025-04
2249,2025-03-02,Kolkata,paid_social,variant,2025-03
2250,2025-05-05,Pune,organic_search,control,2025-05
2251,2025-06-18,Pune,paid_social,control,2025-06
2252,2025-06-04,Mumbai,organic_search,control,2025-06
2253,2025-04-07,Chennai,email,variant,2025-04
2254,2025-06-14,Hyderabad,direct,control,2025-06
2255,2025-04-07,Mumbai,email,control,2025-04
2256,2025-07-02,Delhi,organic_search,variant,2025-07
2257,2025-07-16,Kolkata,direct,variant,2025-07
2258,2025-06-18,Ahmedabad,organic_search,control,2025-06
2259,2025-03-21,Pune,direct,control,2025-03
2260,2025-08-24,Ahmedabad,paid_social,variant,2025-08
2261,2025-03-04,Delhi,paid_social,control,2025-03
2262,2025-08-09,Bengaluru,organic_search,control,2025-08
2263,2025-03-07,Ahmedabad,direct,control,2025-03
2264,2025-06-24,Delhi,referral,control,2025-06
2265,2025-03-16,Chennai,email,variant,2025-03
2266,2025-03-03,Delhi,referral,control,2025-03
2267,2025-07-18,Bengaluru,referral,variant,2025-07
2268,2025-06-30,Hyderabad,organic_search,control,2025-06
2269,2025-03-08,Bengaluru,email,control,2025-03
2270,2025-08-18,Kolkata,organic_search,control,2025-08
2271,2025-04-14,Ahmedabad,paid_social,variant,2025-04
2272,2025-04-21,Pune,organic_search,control,2025-04
2273,2025-04-15,Pune,referral,control,2025-04
2274,2025-05-23,Mumbai,email,control,2025-05
2275,2025-04-15,Delhi,organic_search,variant,2025-04
2276,2025-05-01,Mumbai,paid_social,control,2025-05
2277,2025-04-01,Kolkata,paid_social,variant,2025-04
2278,2025-03-22,Delhi,email,variant,2025-03
2279,2025-05-01,Bengaluru,referral,variant,2025-05
2280,2025-07-09,Kolkata,organic_search,variant,2025-07
2281,2025-06-29,Chennai,paid_social,control,2025-06
2282,2025-05-08,Pune,paid_social,variant,2025-05
2283,2025-04-16,Mumbai,paid_social,variant,2025-04
2284,2025-07-03,Pune,paid_social,control,2025-07
2285,2025-07-12,Pune,organic_search,variant,2025-07
2286,2025-07-26,Bengaluru,organic_search,control,2025-07
2287,2025-07-30,Chennai,paid_social,variant,2025-07
2288,2025-06-30,Ahmedabad,referral,variant,2025-06
2289,2025-08-05,Bengaluru,organic_search,variant,2025-08
2290,2025-05-23,Bengaluru,organic_search,control,2025-05
2291,2025-05-11,Bengaluru,email,variant,2025-05
2292,2025-04-17,Kolkata,referral,variant,2025-04
2293,2025-03-31,Mumbai,paid_social,control,2025-03
2294,2025-07-19,Ahmedabad,organic_search,variant,2025-07
2295,2025-06-30,Kolkata,email,variant,2025-06
2296,2025-07-18,Hyderabad,paid_social,variant,2025-07
2297,2025-04-04,Pune,email,variant,2025-04
2298,2025-05-24,Ahmedabad,organic_search,control,2025-05
2299,2025-04-08,Kolkata,organic_search,control,2025-04
2300,2025-08-03,Bengaluru,organic_search,control,2025-08
2301,2025-04-09,Mumbai,email,control,2025-04
2302,2025-03-01,Chennai,paid_social,control,2025-03
2303,2025-06-03,Delhi,organic_search,variant,2025-06
2304,2025-08-14,Mumbai,paid_social,control,2025-08
2305,2025-08-06,Ahmedabad,direct,variant,2025-08
2306,2025-03-10,Hyderabad,organic_search,control,2025-03
2307,2025-04-22,Chennai,email,control,2025-04
2308,2025-03-04,Delhi,email,variant,2025-03
2309,2025-04-11,Mumbai,paid_social,variant,2025-04
2310,2025-06-04,Mumbai,referral,control,2025-06
2311,2025-04-13,Bengaluru,direct,variant,2025-04
2312,2025-03-10,Mumbai,organic_search,control,2025-03
2313,2025-05-31,Hyderabad,organic_search,control,2025-05
2314,2025-03-02,Bengaluru,organic_search,control,2025-03
2315,2025-04-23,Pune,organic_search,variant,2025-04
2316,2025-03-02,Pune,paid_social,control,2025-03
2317,2025-03-22,Bengaluru,referral,variant,2025-03
2318,2025-05-25,Hyderabad,direct,variant,2025-05
2319,2025-08-11,Mumbai,organic_search,control,2025-08
2320,2025-07-07,Bengaluru,paid_social,variant,2025-07
2321,2025-03-22,Ahmedabad,organic_search,control,2025-03
2322,2025-03-28,Ahmedabad,paid_social,control,2025-03
2323,2025-05-03,Hyderabad,organic_search,control,2025-05
2324,2025-06-26,Ahmedabad,referral,control,2025-06
2325,2025-07-25,Pune,direct,control,2025-07
2326,2025-07-02,Delhi,organic_search,control,2025-07
2327,2025-05-01,Kolkata,email,variant,2025-05
2328,2025-04-20,Hyderabad,paid_social,control,2025-04
2329,2025-03-03,Pune,direct,control,2025-03
2330,2025-03-17,Chennai,paid_social,variant,2025-03
2331,2025-03-02,Bengaluru,organic_search,control,2025-03
2332,2025-08-17,Chennai,email,variant,2025-08
2333,2025-04-06,Pune,organic_search,variant,2025-04
2334,2025-07-01,Bengaluru,paid_social,control,2025-07
2335,2025-05-31,Bengaluru,organic_search,control,2025-05
2336,2025-06-04,Chennai,email,control,2025-06
2337,2025-05-15,Delhi,direct,control,2025-05
2338,2025-07-01,Mumbai,organic_search,variant,2025-07
2339,2025-03-23,Ahmedabad,paid_social,variant,2025-03
2340,2025-03-17,Bengaluru,email,variant,2025-03
2341,2025-05-08,Chennai,organic_search,control,2025-05
2342,2025-05-27,Chennai,paid_social,variant,2025-05
2343,2025-06-17,Kolkata,email,control,2025-06
2344,2025-07-17,Chennai,paid_social,variant,2025-07
2345,2025-06-03,Chennai,direct,variant,2025-06
2346,2025-04-19,Kolkata,paid_social,control,2025-04
2347,2025-04-15,Ahmedabad,email,control,2025-04
2348,2025-07-26,Mumbai,organic_search,control,2025-07
2349,2025-04-13,Chennai,organic_search,variant,2025-04
2350,2025-06-17,Delhi,organic_search,control,2025-06
2351,2025-06-08,Ahmedabad,referral,variant,2025-06
2352,2025-06-30,Mumbai,direct,variant,2025-06
2353,2025-07-02,Delhi,direct,control,2025-07
2354,2025-05-24,Delhi,organic_search,variant,2025-05
2355,2025-04-20,Pune,paid_social,control,2025-04
2356,2025-05-10,Mumbai,direct,control,2025-05
2357,2025-05-19,Mumbai,email,variant,2025-05
2358,2025-03-31,Pune,organic_search,control,2025-03
2359,2025-05-31,Ahmedabad,direct,variant,2025-05
2360,2025-04-14,Pune,organic_search,variant,2025-04
2361,2025-06-16,Hyderabad,organic_search,control,2025-06
2362,2025-07-25,Chennai,referral,variant,2025-07
2363,2025-08-19,Pune,paid_social,control,2025-08
2364,2025-03-08,Hyderabad,paid_social,variant,2025-03
2365,2025-07-21,Pune,paid_social,variant,2025-07
2366,2025-03-14,Mumbai,referral,variant,2025-03
2367,2025-05-23,Delhi,organic_search,variant,2025-05
2368,2025-04-04,Chennai,direct,control,2025-04
2369,2025-03-01,Bengaluru,organic_search,variant,2025-03
2370,2025-04-01,Mumbai,organic_search,control,2025-04
2371,2025-03-28,Mumbai,paid_social,variant,2025-03
2372,2025-07-01,Kolkata,paid_social,control,2025-07
2373,2025-03-27,Bengaluru,organic_search,control,2025-03
2374,2025-05-20,Mumbai,paid_social,control,2025-05
2375,2025-07-03,Chennai,email,control,2025-07
2376,2025-08-22,Pune,paid_social,control,2025-08
2377,2025-08-02,Hyderabad,email,control,2025-08
2378,2025-03-05,Ahmedabad,direct,variant,2025-03
2379,2025-08-14,Bengaluru,paid_social,variant,2025-08
2380,2025-06-07,Pune,paid_social,control,2025-06
2381,2025-04-08,Chennai,paid_social,variant,2025-04
2382,2025-05-05,Pune,paid_social,control,2025-05
2383,2025-08-15,Delhi,organic_search,variant,2025-08
2384,2025-04-30,Chennai,organic_search,control,2025-04
2385,2025-04-06,Chennai,organic_search,variant,2025-04
2386,2025-08-13,Mumbai,paid_social,control,2025-08
2387,2025-08-11,Delhi,referral,control,2025-08
2388,2025-08-17,Chennai,paid_social,variant,2025-08
2389,2025-08-04,Mumbai,paid_social,variant,2025-08
2390,2025-08-16,Ahmedabad,paid_social,variant,2025-08
2391,2025-05-21,Mumbai,email,control,2025-05
2392,2025-04-10,Ahmedabad,paid_social,variant,2025-04
2393,2025-06-06,Chennai,paid_social,variant,2025-06
2394,2025-04-15,Hyderabad,email,control,2025-04
2395,2025-05-16,Bengaluru,organic_search,control,2025-05
2396,2025-06-01,Bengaluru,paid_social,control,2025-06
2397,2025-08-13,Chennai,paid_social,control,2025-08
2398,2025-04-04,Kolkata,direct,control,2025-04
2399,2025-04-15,Delhi,referral,control,2025-04
2400,2025-07-25,Pune,direct,variant,2025-07
2401,2025-03-16,Ahmedabad,paid_social,variant,2025-03
2402,2025-06-20,Bengaluru,organic_search,variant,2025-06
2403,2025-07-07,Chennai,paid_social,variant,2025-07
2404,2025-06-24,Delhi,direct,control,2025-06
2405,2025-05-22,Kolkata,referral,variant,2025-05
2406,2025-07-24,Delhi,direct,variant,2025-07
2407,2025-05-20,Bengaluru,organic_search,variant,2025-05
2408,2025-07-17,Hyderabad,email,control,2025-07
2409,2025-05-14,Bengaluru,direct,variant,2025-05
2410,2025-03-26,Delhi,email,variant,2025-03
2411,2025-06-22,Chennai,email,variant,2025-06
2412,2025-03-12,Mumbai,paid_social,variant,2025-03
2413,2025-07-31,Ahmedabad,email,variant,2025-07
2414,2025-05-30,Mumbai,organic_search,variant,2025-05
2415,2025-05-06,Bengaluru,organic_search,variant,2025-05
2416,2025-05-01,Ahmedabad,direct,variant,2025-05
2417,2025-06-04,Delhi,referral,variant,2025-06
2418,2025-04-03,Mumbai,direct,control,2025-04
2419,2025-04-27,Chennai,organic_search,variant,2025-04
2420,2025-05-02,Mumbai,organic_search,control,2025-05
2421,2025-04-17,Ahmedabad,organic_search,control,2025-04
2422,2025-07-08,Hyderabad,direct,control,2025-07
2423,2025-03-05,Kolkata,email,control,2025-03
2424,2025-07-18,Delhi,referral,control,2025-07
2425,2025-05-27,Delhi,organic_search,control,2025-05
2426,2025-06-21,Ahmedabad,paid_social,control,2025-06
2427,2025-03-28,Kolkata,direct,variant,2025-03
2428,2025-05-16,Ahmedabad,organic_search,variant,2025-05
2429,2025-07-17,Bengaluru,referral,variant,2025-07
2430,2025-04-04,Hyderabad,paid_social,control,2025-04
2431,2025-03-24,Pune,organic_search,control,2025-03
2432,2025-06-19,Hyderabad,organic_search,variant,2025-06
2433,2025-03-08,Delhi,direct,control,2025-03
2434,2025-04-09,Hyderabad,email,variant,2025-04
2435,2025-05-17,Pune,direct,variant,2025-05
2436,2025-05-30,Mumbai,direct,variant,2025-05
2437,2025-06-21,Bengaluru,paid_social,control,2025-06
2438,2025-07-06,Bengaluru,direct,control,2025-07
2439,2025-07-31,Mumbai,referral,variant,2025-07
2440,2025-03-10,Mumbai,organic_search,control,2025-03
2441,2025-05-23,Hyderabad,direct,variant,2025-05
2442,2025-03-08,Mumbai,organic_search,variant,2025-03
2443,2025-03-16,Bengaluru,organic_search,control,2025-03
2444,2025-04-22,Pune,paid_social,control,2025-04
2445,2025-05-30,Kolkata,direct,control,2025-05
2446,2025-08-19,Mumbai,organic_search,control,2025-08
2447,2025-07-07,Hyderabad,paid_social,variant,2025-07
2448,2025-06-18,Mumbai,email,variant,2025-06
2449,2025-07-04,Hyderabad,organic_search,variant,2025-07
2450,2025-04-03,Hyderabad,direct,control,2025-04
2451,2025-08-20,Kolkata,referral,control,2025-08
2452,2025-08-20,Hyderabad,organic_search,variant,2025-08
2453,2025-03-28,Ahmedabad,organic_search,variant,2025-03
2454,2025-05-18,Delhi,referral,variant,2025-05
2455,2025-07-12,Mumbai,organic_search,variant,2025-07
2456,2025-05-05,Mumbai,organic_search,variant,2025-05
2457,2025-08-06,Bengaluru,referral,control,2025-08
2458,2025-08-16,Delhi,direct,control,2025-08
2459,2025-05-09,Mumbai,email,variant,2025-05
2460,2025-03-14,Delhi,paid_social,control,2025-03
2461,2025-05-04,Ahmedabad,referral,variant,2025-05
2462,2025-04-12,Kolkata,email,control,2025-04
2463,2025-05-06,Mumbai,email,control,2025-05
2464,2025-06-02,Ahmedabad,direct,control,2025-06
2465,2025-05-03,Delhi,email,variant,2025-05
2466,2025-04-14,Hyderabad,paid_social,variant,2025-04
2467,2025-04-10,Bengaluru,paid_social,control,2025-04
2468,2025-07-01,Hyderabad,paid_social,control,2025-07
2469,2025-03-15,Kolkata,paid_social,control,2025-03
2470,2025-04-04,Chennai,paid_social,control,2025-04
2471,2025-07-29,Pune,paid_social,variant,2025-07
2472,2025-03-04,Chennai,direct,control,2025-03
2473,2025-05-12,Chennai,paid_social,control,2025-05
2474,2025-04-26,Delhi,organic_search,control,2025-04
2475,2025-03-07,Hyderabad,organic_search,variant,2025-03
2476,2025-05-07,Mumbai,organic_search,variant,2025-05
2477,2025-06-05,Chennai,direct,variant,2025-06
2478,2025-04-09,Hyderabad,paid_social,variant,2025-04
2479,2025-03-21,Chennai,organic_search,variant,2025-03
2480,2025-03-10,Pune,direct,control,2025-03
2481,2025-06-17,Bengaluru,organic_search,variant,2025-06
2482,2025-08-23,Delhi,organic_search,variant,2025-08
2483,2025-04-26,Ahmedabad,direct,control,2025-04
2484,2025-04-15,Bengaluru,paid_social,variant,2025-04
2485,2025-05-19,Mumbai,direct,variant,2025-05
2486,2025-05-25,Bengaluru,direct,variant,2025-05
2487,2025-04-22,Ahmedabad,referral,control,2025-04
2488,2025-03-09,Bengaluru,organic_search,control,2025-03
2489,2025-06-02,Ahmedabad,direct,variant,2025-06
2490,2025-05-03,Hyderabad,email,control,2025-05
2491,2025-05-24,Kolkata,organic_search,control,2025-05
2492,2025-04-15,Chennai,referral,control,2025-04
2493,2025-08-06,Mumbai,paid_social,control,2025-08
2494,2025-06-08,Pune,direct,variant,2025-06
2495,2025-05-07,Hyderabad,email,variant,2025-05
2496,2025-04-22,Delhi,paid_social,variant,2025-04
2497,2025-07-16,Pune,organic_search,control,2025-07
2498,2025-08-22,Mumbai,referral,control,2025-08
2499,2025-03-09,Chennai,paid_social,control,2025-03
2500,2025-08-11,Kolkata,organic_search,control,2025-08
2501,2025-07-02,Mumbai,organic_search,variant,2025-07
2502,2025-03-28,Hyderabad,direct,control,2025-03
2503,2025-07-13,Chennai,organic_search,control,2025-07
2504,2025-03-16,Mumbai,paid_social,variant,2025-03
2505,2025-03-12,Hyderabad,email,variant,2025-03
2506,2025-03-08,Bengaluru,organic_search,control,2025-03
2507,2025-05-26,Mumbai,paid_social,variant,2025-05
2508,2025-06-12,Kolkata,organic_search,variant,2025-06
2509,2025-05-18,Hyderabad,referral,variant,2025-05
2510,2025-03-02,Kolkata,direct,variant,2025-03
2511,2025-04-07,Pune,organic_search,control,2025-04
2512,2025-08-20,Ahmedabad,paid_social,control,2025-08
2513,2025-07-31,Ahmedabad,paid_social,control,2025-07
2514,2025-07-01,Pune,referral,variant,2025-07
2515,2025-03-23,Bengaluru,paid_social,variant,2025-03
2516,2025-07-07,Hyderabad,paid_social,variant,2025-07
2517,2025-07-06,Kolkata,referral,variant,2025-07
2518,2025-06-14,Hyderabad,organic_search,control,2025-06
2519,2025-03-06,Pune,paid_social,control,2025-03
2520,2025-07-30,Delhi,organic_search,control,2025-07
2521,2025-04-30,Ahmedabad,email,control,2025-04
2522,2025-03-03,Chennai,paid_social,variant,2025-03
2523,2025-04-04,Bengaluru,referral,variant,2025-04
2524,2025-05-19,Pune,paid_social,control,2025-05
2525,2025-03-09,Hyderabad,organic_search,variant,2025-03
2526,2025-04-02,Delhi,direct,control,2025-04
2527,2025-04-30,Kolkata,direct,variant,2025-04
2528,2025-08-11,Ahmedabad,email,control,2025-08
2529,2025-03-24,Kolkata,email,variant,2025-03
2530,2025-06-08,Bengaluru,organic_search,control,2025-06
2531,2025-07-30,Bengaluru,email,control,2025-07
2532,2025-07-05,Mumbai,organic_search,variant,2025-07
2533,2025-08-11,Chennai,organic_search,control,2025-08
2534,2025-04-05,Bengaluru,referral,control,2025-04
2535,2025-07-26,Ahmedabad,email,control,2025-07
2536,2025-08-19,Kolkata,organic_search,variant,2025-08
2537,2025-04-09,Delhi,organic_search,control,2025-04
2538,2025-05-26,Ahmedabad,referral,variant,2025-05
2539,2025-06-08,Delhi,organic_search,variant,2025-06
2540,2025-05-03,Hyderabad,organic_search,variant,2025-05
2541,2025-04-26,Hyderabad,organic_search,control,2025-04
2542,2025-08-24,Ahmedabad,organic_search,variant,2025-08
2543,2025-08-06,Chennai,organic_search,control,2025-08
2544,2025-05-16,Ahmedabad,referral,variant,2025-05
2545,2025-07-03,Pune,organic_search,control,2025-07
2546,2025-05-17,Kolkata,paid_social,variant,2025-05
2547,2025-07-18,Kolkata,email,variant,2025-07
2548,2025-06-18,Kolkata,paid_social,control,2025-06
2549,2025-05-15,Hyderabad,email,control,2025-05
2550,2025-03-20,Hyderabad,email,control,2025-03
2551,2025-06-14,Ahmedabad,email,variant,2025-06
2552,2025-04-22,Kolkata,email,control,2025-04
2553,2025-04-05,Ahmedabad,direct,variant,2025-04
2554,2025-04-13,Pune,email,variant,2025-04
2555,2025-08-09,Ahmedabad,direct,variant,2025-08
2556,2025-03-15,Chennai,organic_search,control,2025-03
2557,2025-07-02,Chennai,email,control,2025-07
2558,2025-08-07,Delhi,email,control,2025-08
2559,2025-03-27,Pune,organic_search,variant,2025-03
2560,2025-06-01,Chennai,direct,control,2025-06
2561,2025-06-16,Kolkata,organic_search,control,2025-06
2562,2025-05-18,Ahmedabad,organic_search,control,2025-05
2563,2025-07-12,Bengaluru,direct,variant,2025-07
2564,2025-04-30,Bengaluru,organic_search,variant,2025-04
2565,2025-04-30,Ahmedabad,paid_social,control,2025-04
2566,2025-05-07,Ahmedabad,paid_social,control,2025-05
2567,2025-07-01,Delhi,direct,control,2025-07
2568,2025-06-01,Hyderabad,paid_social,control,2025-06
2569,2025-05-04,Ahmedabad,email,variant,2025-05
2570,2025-08-03,Delhi,direct,control,2025-08
2571,2025-07-22,Kolkata,email,variant,2025-07
2572,2025-08-15,Mumbai,referral,variant,2025-08
2573,2025-06-29,Delhi,direct,variant,2025-06
2574,2025-05-17,Kolkata,paid_social,control,2025-05
2575,2025-07-02,Pune,referral,variant,2025-07
2576,2025-04-11,Pune,paid_social,control,2025-04
2577,2025-04-01,Kolkata,organic_search,control,2025-04
2578,2025-05-02,Bengaluru,organic_search,variant,2025-05
2579,2025-08-01,Pune,email,control,2025-08
2580,2025-06-11,Pune,organic_search,control,2025-06
2581,2025-05-12,Chennai,paid_social,control,2025-05
2582,2025-05-09,Bengaluru,paid_social,control,2025-05
2583,2025-04-17,Chennai,paid_social,variant,2025-04
2584,2025-06-19,Hyderabad,organic_search,variant,2025-06
2585,2025-05-20,Pune,direct,variant,2025-05
2586,2025-06-15,Kolkata,paid_social,control,2025-06
2587,2025-05-15,Hyderabad,organic_search,control,2025-05
2588,2025-04-13,Chennai,paid_social,control,2025-04
2589,2025-08-04,Ahmedabad,paid_social,variant,2025-08
2590,2025-05-13,Kolkata,email,variant,2025-05
2591,2025-03-01,Ahmedabad,paid_social,variant,2025-03
2592,2025-05-27,Pune,organic_search,variant,2025-05
2593,2025-06-09,Bengaluru,direct,variant,2025-06
2594,2025-03-22,Ahmedabad,paid_social,control,2025-03
2595,2025-04-26,Chennai,organic_search,variant,2025-04
2596,2025-03-14,Delhi,direct,variant,2025-03
2597,2025-06-23,Bengaluru,email,variant,2025-06
2598,2025-07-12,Bengaluru,email,control,2025-07
2599,2025-08-01,Kolkata,paid_social,variant,2025-08
2600,2025-04-30,Mumbai,paid_social,control,2025-04
2601,2025-08-01,Chennai,paid_social,variant,2025-08
2602,2025-04-26,Pune,organic_search,variant,2025-04
2603,2025-07-12,Mumbai,organic_search,variant,2025-07
2604,2025-06-07,Pune,referral,control,2025-06
2605,2025-07-11,Kolkata,email,control,2025-07
2606,2025-07-06,Chennai,paid_social,variant,2025-07
2607,2025-06-23,Pune,organic_search,variant,2025-06
2608,2025-04-27,Bengaluru,email,variant,2025-04
2609,2025-06-01,Delhi,organic_search,control,2025-06
2610,2025-07-19,Mumbai,organic_search,variant,2025-07
2611,2025-08-07,Bengaluru,organic_search,variant,2025-08
2612,2025-07-30,Chennai,email,control,2025-07
2613,2025-04-25,Mumbai,email,control,2025-04
2614,2025-05-31,Ahmedabad,organic_search,variant,2025-05
2615,2025-03-06,Pune,organic_search,control,2025-03
2616,2025-06-29,Bengaluru,email,variant,2025-06
2617,2025-08-11,Ahmedabad,paid_social,variant,2025-08
2618,2025-03-17,Delhi,email,control,2025-03
2619,2025-06-07,Ahmedabad,organic_search,control,2025-06
2620,2025-07-31,Bengaluru,email,variant,2025-07
2621,2025-08-01,Hyderabad,referral,variant,2025-08
2622,2025-05-26,Hyderabad,email,variant,2025-05
2623,2025-03-23,Ahmedabad,organic_search,variant,2025-03
2624,2025-08-24,Bengaluru,email,variant,2025-08
2625,2025-08-12,Ahmedabad,organic_search,variant,2025-08
2626,2025-06-14,Bengaluru,organic_search,variant,2025-06
2627,2025-08-20,Bengaluru,organic_search,variant,2025-08
2628,2025-03-18,Chennai,referral,control,2025-03
2629,2025-06-11,Chennai,paid_social,control,2025-06
2630,2025-03-09,Bengaluru,direct,variant,2025-03
2631,2025-08-11,Delhi,paid_social,control,2025-08
2632,2025-06-30,Hyderabad,paid_social,variant,2025-06
2633,2025-08-03,Pune,organic_search,variant,2025-08
2634,2025-06-19,Mumbai,email,control,2025-06
2635,2025-03-25,Mumbai,organic_search,control,2025-03
2636,2025-03-03,Ahmedabad,paid_social,variant,2025-03
2637,2025-05-02,Mumbai,organic_search,control,2025-05
2638,2025-07-01,Hyderabad,paid_social,variant,2025-07
2639,2025-03-23,Kolkata,paid_social,variant,2025-03
2640,2025-08-06,Bengaluru,organic_search,control,2025-08
2641,2025-04-09,Hyderabad,organic_search,variant,2025-04
2642,2025-04-30,Mumbai,referral,variant,2025-04
2643,2025-04-27,Kolkata,organic_search,control,2025-04
2644,2025-05-12,Chennai,organic_search,control,2025-05
2645,2025-05-22,Kolkata,organic_search,control,2025-05
2646,2025-03-20,Kolkata,paid_social,variant,2025-03
2647,2025-06-02,Bengaluru,email,control,2025-06
2648,2025-07-21,Mumbai,organic_search,control,2025-07
2649,2025-08-13,Bengaluru,paid_social,control,2025-08
2650,2025-04-16,Delhi,email,control,2025-04
2651,2025-08-03,Pune,organic_search,control,2025-08
2652,2025-08-21,Delhi,referral,variant,2025-08
2653,2025-08-24,Ahmedabad,referral,control,2025-08
2654,2025-05-11,Pune,organic_search,variant,2025-05
2655,2025-07-31,Bengaluru,organic_search,control,2025-07
2656,2025-06-22,Ahmedabad,organic_search,control,2025-06
2657,2025-03-25,Kolkata,organic_search,control,2025-03
2658,2025-04-14,Hyderabad,paid_social,variant,2025-04
2659,2025-07-15,Delhi,paid_social,variant,2025-07
2660,2025-03-07,Bengaluru,paid_social,control,2025-03
2661,2025-05-01,Pune,organic_search,variant,2025-05
2662,2025-07-25,Kolkata,organic_search,control,2025-07
2663,2025-03-14,Bengaluru,referral,variant,2025-03
2664,2025-05-07,Chennai,referral,variant,2025-05
2665,2025-04-19,Bengaluru,organic_search,control,2025-04
2666,2025-05-30,Delhi,email,control,2025-05
2667,2025-04-02,Hyderabad,paid_social,control,2025-04
2668,2025-08-04,Delhi,email,variant,2025-08
2669,2025-03-13,Hyderabad,paid_social,control,2025-03
2670,2025-08-08,Bengaluru,direct,variant,2025-08
2671,2025-07-04,Bengaluru,organic_search,control,2025-07
2672,2025-08-07,Kolkata,organic_search,variant,2025-08
2673,2025-08-07,Bengaluru,referral,control,2025-08
2674,2025-04-14,Chennai,organic_search,variant,2025-04
2675,2025-08-13,Chennai,organic_search,control,2025-08
2676,2025-06-23,Chennai,email,control,2025-06
2677,2025-08-20,Bengaluru,direct,control,2025-08
2678,2025-08-06,Kolkata,email,variant,2025-08
2679,2025-06-24,Delhi,direct,control,2025-06
2680,2025-05-14,Bengaluru,email,variant,2025-05
2681,2025-03-06,Kolkata,organic_search,variant,2025-03
2682,2025-03-10,Bengaluru,email,control,2025-03
2683,2025-05-20,Chennai,direct,control,2025-05
2684,2025-07-22,Mumbai,direct,control,2025-07
2685,2025-06-09,Pune,organic_search,control,2025-06
2686,2025-05-04,Kolkata,organic_search,control,2025-05
2687,2025-04-05,Chennai,direct,variant,2025-04
2688,2025-06-01,Pune,organic_search,control,2025-06
2689,2025-06-18,Kolkata,organic_search,control,2025-06
2690,2025-08-12,Bengaluru,direct,variant,2025-08
2691,2025-07-11,Hyderabad,paid_social,control,2025-07
2692,2025-06-17,Mumbai,organic_search,variant,2025-06
2693,2025-08-21,Chennai,organic_search,variant,2025-08
2694,2025-05-22,Chennai,organic_search,control,2025-05
2695,2025-08-01,Kolkata,direct,variant,2025-08
2696,2025-05-16,Chennai,paid_social,variant,2025-05
2697,2025-03-25,Delhi,organic_search,variant,2025-03
2698,2025-05-21,Chennai,paid_social,variant,2025-05
2699,2025-03-10,Kolkata,organic_search,variant,2025-03
2700,2025-03-11,Delhi,organic_search,variant,2025-03
2701,2025-08-22,Hyderabad,organic_search,variant,2025-08
2702,2025-06-29,Ahmedabad,paid_social,variant,2025-06
2703,2025-04-14,Hyderabad,organic_search,variant,2025-04
2704,2025-08-01,Kolkata,organic_search,variant,2025-08
2705,2025-03-26,Pune,paid_social,control,2025-03
2706,2025-04-01,Chennai,paid_social,variant,2025-04
2707,2025-06-29,Chennai,organic_search,control,2025-06
2708,2025-04-09,Chennai,organic_search,control,2025-04
2709,2025-07-04,Kolkata,organic_search,control,2025-07
2710,2025-08-11,Ahmedabad,paid_social,control,2025-08
2711,2025-03-09,Bengaluru,email,variant,2025-03
2712,2025-03-10,Ahmedabad,organic_search,control,2025-03
2713,2025-08-13,Chennai,direct,variant,2025-08
2714,2025-06-14,Pune,email,variant,2025-06
2715,2025-06-25,Bengaluru,organic_search,control,2025-06
2716,2025-05-13,Hyderabad,organic_search,control,2025-05
2717,2025-05-15,Chennai,organic_search,variant,2025-05
2718,2025-07-17,Bengaluru,organic_search,variant,2025-07
2719,2025-06-03,Bengaluru,paid_social,control,2025-06
2720,2025-03-19,Kolkata,organic_search,control,2025-03
2721,2025-06-23,Hyderabad,direct,control,2025-06
2722,2025-07-07,Chennai,paid_social,control,2025-07
2723,2025-03-05,Mumbai,email,control,2025-03
2724,2025-05-09,Mumbai,direct,variant,2025-05
2725,2025-07-06,Kolkata,paid_social,control,2025-07
2726,2025-06-15,Delhi,referral,control,2025-06
2727,2025-03-25,Kolkata,referral,variant,2025-03
2728,2025-03-17,Ahmedabad,paid_social,variant,2025-03
2729,2025-06-02,Hyderabad,organic_search,control,2025-06
2730,2025-05-08,Ahmedabad,paid_social,variant,2025-05
2731,2025-08-17,Hyderabad,organic_search,variant,2025-08
2732,2025-06-08,Ahmedabad,paid_social,control,2025-06
2733,2025-08-14,Delhi,paid_social,control,2025-08
2734,2025-04-19,Hyderabad,paid_social,variant,2025-04
2735,2025-05-09,Hyderabad,direct,variant,2025-05
2736,2025-03-19,Kolkata,organic_search,variant,2025-03
2737,2025-06-10,Mumbai,paid_social,control,2025-06
2738,2025-04-03,Kolkata,organic_search,variant,2025-04
2739,2025-05-10,Mumbai,direct,control,2025-05
2740,2025-05-12,Bengaluru,email,variant,2025-05
2741,2025-03-31,Pune,organic_search,variant,2025-03
2742,2025-03-25,Delhi,email,control,2025-03
2743,2025-06-13,Hyderabad,organic_search,control,2025-06
2744,2025-07-30,Ahmedabad,email,variant,2025-07
2745,2025-04-24,Kolkata,paid_social,variant,2025-04
2746,2025-05-23,Mumbai,paid_social,control,2025-05
2747,2025-03-31,Pune,email,variant,2025-03
2748,2025-07-03,Pune,direct,control,2025-07
2749,2025-05-10,Mumbai,direct,control,2025-05
2750,2025-08-12,Chennai,paid_social,control,2025-08
2751,2025-04-20,Pune,email,variant,2025-04
2752,2025-03-12,Chennai,paid_social,control,2025-03
2753,2025-06-16,Bengaluru,direct,variant,2025-06
2754,2025-05-30,Bengaluru,direct,control,2025-05
2755,2025-08-16,Chennai,organic_search,variant,2025-08
2756,2025-08-23,Chennai,organic_search,variant,2025-08
2757,2025-08-12,Delhi,organic_search,control,2025-08
2758,2025-06-11,Delhi,organic_search,control,2025-06
2759,2025-05-08,Pune,paid_social,control,2025-05
2760,2025-05-26,Kolkata,organic_search,control,2025-05
2761,2025-03-01,Delhi,paid_social,variant,2025-03
2762,2025-05-08,Delhi,organic_search,variant,2025-05
2763,2025-05-03,Kolkata,organic_search,control,2025-05
2764,2025-03-25,Chennai,email,variant,2025-03
2765,2025-04-13,Ahmedabad,paid_social,control,2025-04
2766,2025-06-24,Kolkata,paid_social,control,2025-06
2767,2025-05-18,Ahmedabad,direct,control,2025-05
2768,2025-08-13,Delhi,referral,control,2025-08
2769,2025-05-14,Bengaluru,paid_social,variant,2025-05
2770,2025-08-03,Delhi,organic_search,control,2025-08
2771,2025-06-14,Mumbai,organic_search,variant,2025-06
2772,2025-03-20,Kolkata,referral,control,2025-03
2773,2025-04-27,Chennai,email,variant,2025-04
2774,2025-07-14,Mumbai,direct,control,2025-07
2775,2025-06-25,Delhi,email,control,2025-06
2776,2025-04-26,Delhi,organic_search,control,2025-04
2777,2025-06-13,Hyderabad,paid_social,control,2025-06
2778,2025-08-10,Hyderabad,direct,control,2025-08
2779,2025-05-03,Bengaluru,direct,control,2025-05
2780,2025-03-08,Ahmedabad,organic_search,variant,2025-03
2781,2025-04-24,Delhi,paid_social,control,2025-04
2782,2025-08-01,Pune,organic_search,variant,2025-08
2783,2025-07-10,Hyderabad,referral,variant,2025-07
2784,2025-08-17,Hyderabad,organic_search,variant,2025-08
2785,2025-08-04,Kolkata,email,variant,2025-08
2786,2025-03-28,Ahmedabad,organic_search,control,2025-03
2787,2025-04-18,Mumbai,email,variant,2025-04
2788,2025-03-01,Hyderabad,email,variant,2025-03
2789,2025-03-07,Mumbai,organic_search,variant,2025-03
2790,2025-08-18,Hyderabad,direct,control,2025-08
2791,2025-08-22,Pune,direct,variant,2025-08
2792,2025-03-26,Hyderabad,direct,control,2025-03
2793,2025-07-22,Bengaluru,organic_search,control,2025-07
2794,2025-06-01,Bengaluru,email,control,2025-06
2795,2025-03-21,Bengaluru,paid_social,control,2025-03
2796,2025-08-01,Bengaluru,paid_social,variant,2025-08
2797,2025-07-31,Bengaluru,paid_social,variant,2025-07
2798,2025-06-18,Chennai,email,control,2025-06
2799,2025-07-12,Mumbai,organic_search,variant,2025-07
2800,2025-05-18,Mumbai,paid_social,variant,2025-05
2801,2025-07-22,Pune,organic_search,variant,2025-07
2802,2025-05-01,Chennai,organic_search,variant,2025-05
2803,2025-08-12,Bengaluru,organic_search,control,2025-08
2804,2025-03-24,Delhi,organic_search,control,2025-03
2805,2025-04-12,Pune,direct,variant,2025-04
2806,2025-08-12,Hyderabad,paid_social,control,2025-08
2807,2025-04-13,Chennai,organic_search,variant,2025-04
2808,2025-04-25,Delhi,direct,variant,2025-04
2809,2025-06-30,Mumbai,referral,variant,2025-06
2810,2025-04-24,Pune,direct,control,2025-04
2811,2025-06-21,Hyderabad,direct,variant,2025-06
2812,2025-04-22,Chennai,referral,variant,2025-04
2813,2025-04-11,Pune,paid_social,control,2025-04
2814,2025-08-12,Bengaluru,referral,control,2025-08
2815,2025-04-10,Delhi,referral,control,2025-04
2816,2025-03-08,Delhi,organic_search,control,2025-03
2817,2025-07-23,Kolkata,direct,variant,2025-07
2818,2025-08-12,Delhi,direct,variant,2025-08
2819,2025-03-21,Pune,direct,control,2025-03
2820,2025-07-01,Kolkata,direct,variant,2025-07
2821,2025-06-21,Ahmedabad,paid_social,control,2025-06
2822,2025-07-17,Bengaluru,paid_social,control,2025-07
2823,2025-03-28,Mumbai,email,control,2025-03
2824,2025-08-01,Kolkata,email,variant,2025-08
2825,2025-06-14,Chennai,direct,variant,2025-06
2826,2025-08-12,Bengaluru,direct,variant,2025-08
2827,2025-05-15,Pune,email,variant,2025-05
2828,2025-07-30,Delhi,referral,control,2025-07
2829,2025-06-12,Chennai,organic_search,variant,2025-06
2830,2025-03-09,Chennai,referral,control,2025-03
2831,2025-08-15,Bengaluru,organic_search,control,2025-08
2832,2025-07-05,Hyderabad,paid_social,variant,2025-07
2833,2025-04-12,Bengaluru,organic_search,control,2025-04
2834,2025-06-16,Mumbai,paid_social,control,2025-06
2835,2025-05-01,Delhi,paid_social,control,2025-05
2836,2025-06-21,Ahmedabad,organic_search,control,2025-06
2837,2025-08-18,Hyderabad,email,variant,2025-08
2838,2025-07-30,Delhi,email,control,2025-07
2839,2025-04-01,Mumbai,organic_search,variant,2025-04
2840,2025-08-21,Bengaluru,email,variant,2025-08
2841,2025-05-07,Ahmedabad,organic_search,variant,2025-05
2842,2025-07-23,Hyderabad,organic_search,control,2025-07
2843,2025-07-12,Ahmedabad,organic_search,variant,2025-07
2844,2025-05-09,Hyderabad,paid_social,control,2025-05
2845,2025-05-07,Kolkata,direct,control,2025-05
2846,2025-05-18,Kolkata,paid_social,variant,2025-05
2847,2025-08-01,Mumbai,direct,control,2025-08
2848,2025-05-11,Mumbai,paid_social,variant,2025-05
2849,2025-04-09,Ahmedabad,direct,control,2025-04
2850,2025-05-04,Ahmedabad,referral,variant,2025-05
2851,2025-04-09,Delhi,paid_social,variant,2025-04
2852,2025-05-14,Chennai,organic_search,variant,2025-05
2853,2025-03-19,Ahmedabad,organic_search,control,2025-03
2854,2025-03-03,Ahmedabad,paid_social,control,2025-03
2855,2025-07-23,Bengaluru,paid_social,variant,2025-07
2856,2025-03-25,Kolkata,organic_search,variant,2025-03
2857,2025-06-18,Chennai,direct,control,2025-06
2858,2025-07-24,Ahmedabad,referral,control,2025-07
2859,2025-07-10,Delhi,organic_search,variant,2025-07
2860,2025-05-23,Pune,organic_search,variant,2025-05
2861,2025-04-20,Mumbai,organic_search,variant,2025-04
2862,2025-08-13,Bengaluru,paid_social,variant,2025-08
2863,2025-08-03,Mumbai,direct,control,2025-08
2864,2025-06-14,Hyderabad,paid_social,control,2025-06
2865,2025-03-26,Kolkata,organic_search,variant,2025-03
2866,2025-03-28,Chennai,paid_social,variant,2025-03
2867,2025-04-12,Bengaluru,organic_search,control,2025-04
2868,2025-03-07,Hyderabad,paid_social,variant,2025-03
2869,2025-08-18,Bengaluru,paid_social,control,2025-08
2870,2025-04-02,Chennai,email,control,2025-04
2871,2025-04-04,Bengaluru,paid_social,variant,2025-04
2872,2025-08-13,Mumbai,direct,control,2025-08
2873,2025-07-26,Pune,organic_search,control,2025-07
2874,2025-04-09,Kolkata,direct,variant,2025-04
2875,2025-05-12,Hyderabad,organic_search,control,2025-05
2876,2025-06-08,Delhi,organic_search,control,2025-06
2877,2025-06-11,Mumbai,direct,variant,2025-06
2878,2025-07-29,Ahmedabad,email,control,2025-07
2879,2025-08-14,Kolkata,organic_search,variant,2025-08
2880,2025-08-14,Delhi,paid_social,control,2025-08
2881,2025-03-09,Mumbai,email,control,2025-03
2882,2025-04-07,Delhi,referral,variant,2025-04
2883,2025-06-20,Hyderabad,email,control,2025-06
2884,2025-03-06,Kolkata,organic_search,variant,2025-03
2885,2025-05-01,Delhi,paid_social,variant,2025-05
2886,2025-03-02,Kolkata,organic_search,variant,2025-03
2887,2025-08-22,Mumbai,organic_search,control,2025-08
2888,2025-03-11,Chennai,paid_social,control,2025-03
2889,2025-03-03,Bengaluru,direct,variant,2025-03
2890,2025-04-24,Ahmedabad,organic_search,control,2025-04
2891,2025-03-05,Hyderabad,direct,variant,2025-03
2892,2025-06-08,Bengaluru,email,variant,2025-06
2893,2025-04-30,Delhi,direct,control,2025-04
2894,2025-08-17,Kolkata,organic_search,control,2025-08
2895,2025-04-19,Hyderabad,paid_social,variant,2025-04
2896,2025-06-20,Bengaluru,organic_search,variant,2025-06
2897,2025-06-06,Chennai,organic_search,control,2025-06
2898,2025-06-08,Pune,organic_search,variant,2025-06
2899,2025-07-25,Chennai,organic_search,variant,2025-07
2900,2025-04-23,Hyderabad,organic_search,control,2025-04
2901,2025-05-31,Mumbai,organic_search,control,2025-05
2902,2025-07-18,Mumbai,referral,variant,2025-07
2903,2025-08-20,Mumbai,direct,variant,2025-08
2904,2025-06-14,Pune,organic_search,variant,2025-06
2905,2025-06-16,Pune,referral,control,2025-06
2906,2025-07-29,Chennai,organic_search,variant,2025-07
2907,2025-05-30,Ahmedabad,paid_social,variant,2025-05
2908,2025-07-29,Delhi,direct,variant,2025-07
2909,2025-03-05,Ahmedabad,paid_social,control,2025-03
2910,2025-05-27,Ahmedabad,organic_search,control,2025-05
2911,2025-03-18,Pune,paid_social,variant,2025-03
2912,2025-03-22,Pune,paid_social,control,2025-03
2913,2025-05-08,Delhi,email,control,2025-05
2914,2025-04-26,Delhi,paid_social,variant,2025-04
2915,2025-05-05,Mumbai,paid_social,control,2025-05
2916,2025-05-25,Chennai,organic_search,variant,2025-05
2917,2025-05-30,Hyderabad,paid_social,variant,2025-05
2918,2025-07-29,Delhi,organic_search,variant,2025-07
2919,2025-07-31,Delhi,direct,control,2025-07
2920,2025-05-22,Mumbai,email,variant,2025-05
2921,2025-04-07,Chennai,paid_social,variant,2025-04
2922,2025-07-11,Chennai,email,variant,2025-07
2923,2025-03-14,Chennai,organic_search,control,2025-03
2924,2025-06-21,Mumbai,organic_search,control,2025-06
2925,2025-05-09,Mumbai,paid_social,variant,2025-05
2926,2025-03-31,Mumbai,paid_social,control,2025-03
2927,2025-06-09,Kolkata,email,variant,2025-06
2928,2025-04-08,Chennai,referral,control,2025-04
2929,2025-04-20,Bengaluru,paid_social,control,2025-04
2930,2025-06-20,Mumbai,paid_social,variant,2025-06
2931,2025-04-02,Bengaluru,email,variant,2025-04
2932,2025-07-21,Kolkata,organic_search,variant,2025-07
2933,2025-03-02,Delhi,organic_search,control,2025-03
2934,2025-05-17,Kolkata,referral,variant,2025-05
2935,2025-07-09,Hyderabad,direct,variant,2025-07
2936,2025-04-08,Delhi,referral,control,2025-04
2937,2025-07-12,Ahmedabad,organic_search,control,2025-07
2938,2025-07-07,Pune,organic_search,control,2025-07
2939,2025-08-20,Chennai,paid_social,variant,2025-08
2940,2025-04-27,Mumbai,referral,control,2025-04
2941,2025-07-21,Bengaluru,organic_search,variant,2025-07
2942,2025-08-10,Chennai,organic_search,control,2025-08
2943,2025-07-13,Chennai,organic_search,variant,2025-07
2944,2025-04-12,Mumbai,direct,variant,2025-04
2945,2025-07-21,Pune,direct,variant,2025-07
2946,2025-03-16,Ahmedabad,email,control,2025-03
2947,2025-06-12,Kolkata,organic_search,control,2025-06
2948,2025-05-11,Delhi,email,variant,2025-05
2949,2025-06-09,Ahmedabad,paid_social,control,2025-06
2950,2025-06-14,Chennai,organic_search,variant,2025-06
2951,2025-03-20,Mumbai,organic_search,control,2025-03
2952,2025-06-11,Delhi,paid_social,control,2025-06
2953,2025-08-20,Ahmedabad,organic_search,control,2025-08
2954,2025-05-23,Delhi,referral,variant,2025-05
2955,2025-04-12,Mumbai,paid_social,variant,2025-04
2956,2025-08-23,Hyderabad,paid_social,control,2025-08
2957,2025-03-05,Pune,email,control,2025-03
2958,2025-05-26,Pune,email,control,2025-05
2959,2025-06-07,Chennai,organic_search,variant,2025-06
2960,2025-05-15,Ahmedabad,email,variant,2025-05
2961,2025-08-05,Kolkata,organic_search,control,2025-08
2962,2025-05-12,Mumbai,paid_social,variant,2025-05
2963,2025-08-07,Mumbai,email,variant,2025-08
2964,2025-03-20,Mumbai,paid_social,variant,2025-03
2965,2025-07-01,Hyderabad,paid_social,control,2025-07
2966,2025-06-22,Bengaluru,organic_search,variant,2025-06
2967,2025-04-25,Ahmedabad,paid_social,variant,2025-04
2968,2025-04-15,Bengaluru,organic_search,control,2025-04
2969,2025-07-14,Mumbai,referral,control,2025-07
2970,2025-06-18,Ahmedabad,paid_social,control,2025-06
2971,2025-06-04,Bengaluru,direct,control,2025-06
2972,2025-03-21,Ahmedabad,paid_social,control,2025-03
2973,2025-06-05,Kolkata,direct,variant,2025-06
2974,2025-08-16,Ahmedabad,organic_search,variant,2025-08
2975,2025-03-09,Kolkata,organic_search,control,2025-03
2976,2025-05-20,Delhi,organic_search,control,2025-05
2977,2025-05-22,Chennai,organic_search,variant,2025-05
2978,2025-08-03,Hyderabad,referral,control,2025-08
2979,2025-04-17,Chennai,email,control,2025-04
2980,2025-05-13,Chennai,email,variant,2025-05
2981,2025-07-07,Pune,paid_social,control,2025-07
2982,2025-03-17,Bengaluru,paid_social,control,2025-03
2983,2025-07-26,Ahmedabad,email,variant,2025-07
2984,2025-06-29,Chennai,direct,variant,2025-06
2985,2025-07-25,Ahmedabad,paid_social,control,2025-07
2986,2025-06-22,Delhi,email,variant,2025-06
2987,2025-07-13,Kolkata,organic_search,variant,2025-07
2988,2025-07-16,Bengaluru,referral,control,2025-07
2989,2025-08-08,Hyderabad,organic_search,variant,2025-08
2990,2025-05-03,Kolkata,paid_social,control,2025-05
2991,2025-05-16,Bengaluru,direct,control,2025-05
2992,2025-06-21,Bengaluru,organic_search,control,2025-06
2993,2025-04-06,Ahmedabad,organic_search,control,2025-04
2994,2025-08-18,Ahmedabad,paid_social,control,2025-08
2995,2025-07-19,Bengaluru,paid_social,variant,2025-07
2996,2025-06-20,Bengaluru,referral,control,2025-06
2997,2025-04-09,Delhi,direct,variant,2025-04
2998,2025-05-10,Mumbai,paid_social,control,2025-05
2999,2025-05-11,Pune,referral,variant,2025-05
3000,2025-06-22,Bengaluru,email,variant,2025-06
3001,2025-07-24,Kolkata,direct,control,2025-07
3002,2025-07-10,Delhi,organic_search,variant,2025-07
3003,2025-08-25,Chennai,paid_social,variant,2025-08
3004,2025-08-13,Pune,organic_search,control,2025-08
3005,2025-07-09,Pune,organic_search,control,2025-07
3006,2025-04-30,Mumbai,email,variant,2025-04
3007,2025-06-16,Hyderabad,organic_search,variant,2025-06
3008,2025-05-18,Chennai,paid_social,control,2025-05
3009,2025-06-26,Bengaluru,email,variant,2025-06
3010,2025-07-19,Kolkata,organic_search,control,2025-07
3011,2025-04-30,Pune,paid_social,control,2025-04
3012,2025-06-14,Bengaluru,email,variant,2025-06
3013,2025-03-21,Mumbai,direct,variant,2025-03
3014,2025-07-12,Delhi,organic_search,control,2025-07
3015,2025-05-12,Hyderabad,referral,control,2025-05
3016,2025-05-22,Hyderabad,direct,control,2025-05
3017,2025-06-16,Kolkata,email,variant,2025-06
3018,2025-04-19,Kolkata,paid_social,control,2025-04
3019,2025-06-11,Delhi,email,control,2025-06
3020,2025-07-06,Pune,direct,control,2025-07
3021,2025-05-14,Hyderabad,organic_search,variant,2025-05
3022,2025-03-27,Mumbai,referral,control,2025-03
3023,2025-05-16,Chennai,referral,variant,2025-05
3024,2025-04-19,Pune,paid_social,control,2025-04
3025,2025-05-03,Mumbai,email,control,2025-05
3026,2025-06-26,Hyderabad,paid_social,control,2025-06
3027,2025-03-07,Chennai,direct,control,2025-03
3028,2025-07-26,Bengaluru,direct,control,2025-07
3029,2025-04-12,Bengaluru,organic_search,control,2025-04
3030,2025-08-23,Mumbai,organic_search,control,2025-08
3031,2025-07-23,Delhi,organic_search,control,2025-07
3032,2025-04-21,Ahmedabad,referral,control,2025-04
3033,2025-06-24,Pune,paid_social,control,2025-06
3034,2025-03-18,Delhi,direct,control,2025-03
3035,2025-03-24,Hyderabad,paid_social,control,2025-03
3036,2025-08-02,Delhi,organic_search,variant,2025-08
3037,2025-06-30,Hyderabad,referral,variant,2025-06
3038,2025-03-16,Delhi,paid_social,variant,2025-03
3039,2025-04-22,Pune,paid_social,control,2025-04
3040,2025-04-21,Pune,organic_search,variant,2025-04
3041,2025-05-14,Chennai,organic_search,variant,2025-05
3042,2025-04-14,Hyderabad,organic_search,control,2025-04
3043,2025-04-17,Bengaluru,paid_social,control,2025-04
3044,2025-06-23,Delhi,email,variant,2025-06
3045,2025-04-23,Delhi,organic_search,variant,2025-04
3046,2025-08-01,Hyderabad,organic_search,variant,2025-08
3047,2025-07-15,Hyderabad,organic_search,variant,2025-07
3048,2025-07-09,Chennai,paid_social,variant,2025-07
3049,2025-04-22,Mumbai,referral,variant,2025-04
3050,2025-07-13,Bengaluru,paid_social,control,2025-07
3051,2025-08-25,Kolkata,organic_search,control,2025-08
3052,2025-04-12,Ahmedabad,paid_social,variant,2025-04
3053,2025-07-18,Ahmedabad,referral,control,2025-07
3054,2025-05-03,Bengaluru,direct,control,2025-05
3055,2025-07-25,Delhi,direct,control,2025-07
3056,2025-05-04,Delhi,referral,control,2025-05
3057,2025-07-09,Delhi,email,control,2025-07
3058,2025-03-24,Ahmedabad,referral,variant,2025-03
3059,2025-05-27,Ahmedabad,organic_search,control,2025-05
3060,2025-04-13,Kolkata,direct,variant,2025-04
3061,2025-04-13,Chennai,direct,control,2025-04
3062,2025-04-01,Bengaluru,referral,variant,2025-04
3063,2025-05-27,Hyderabad,paid_social,variant,2025-05
3064,2025-03-01,Kolkata,direct,variant,2025-03
3065,2025-06-29,Kolkata,organic_search,control,2025-06
3066,2025-06-12,Pune,email,control,2025-06
3067,2025-06-29,Kolkata,paid_social,variant,2025-06
3068,2025-07-03,Bengaluru,paid_social,variant,2025-07
3069,2025-03-18,Hyderabad,email,control,2025-03
3070,2025-03-20,Kolkata,organic_search,variant,2025-03
3071,2025-05-08,Hyderabad,organic_search,variant,2025-05
3072,2025-05-22,Kolkata,organic_search,control,2025-05
3073,2025-04-17,Hyderabad,email,variant,2025-04
3074,2025-07-05,Bengaluru,email,control,2025-07
3075,2025-06-18,Delhi,email,control,2025-06
3076,2025-07-15,Pune,organic_search,variant,2025-07
3077,2025-03-23,Hyderabad,direct,control,2025-03
3078,2025-07-03,Bengaluru,email,variant,2025-07
3079,2025-04-06,Chennai,organic_search,variant,2025-04
3080,2025-05-08,Mumbai,organic_search,variant,2025-05
3081,2025-05-09,Mumbai,paid_social,control,2025-05
3082,2025-07-23,Ahmedabad,paid_social,control,2025-07
3083,2025-04-20,Chennai,organic_search,control,2025-04
3084,2025-04-15,Pune,organic_search,variant,2025-04
3085,2025-05-15,Mumbai,organic_search,control,2025-05
3086,2025-05-24,Pune,organic_search,variant,2025-05
3087,2025-04-12,Hyderabad,organic_search,control,2025-04
3088,2025-04-06,Pune,direct,control,2025-04
3089,2025-04-03,Mumbai,paid_social,variant,2025-04
3090,2025-05-09,Pune,paid_social,variant,2025-05
3091,2025-05-18,Pune,email,control,2025-05
3092,2025-05-13,Bengaluru,paid_social,variant,2025-05
3093,2025-07-10,Mumbai,organic_search,control,2025-07
3094,2025-04-13,Ahmedabad,organic_search,variant,2025-04
3095,2025-08-25,Chennai,organic_search,control,2025-08
3096,2025-07-26,Pune,paid_social,variant,2025-07
3097,2025-04-04,Kolkata,paid_social,control,2025-04
3098,2025-04-03,Chennai,paid_social,control,2025-04
3099,2025-04-06,Delhi,paid_social,variant,2025-04
3100,2025-04-23,Hyderabad,referral,control,2025-04
3101,2025-05-12,Ahmedabad,organic_search,control,2025-05
3102,2025-03-25,Bengaluru,paid_social,control,2025-03
3103,2025-03-19,Ahmedabad,paid_social,control,2025-03
3104,2025-05-15,Mumbai,email,variant,2025-05
3105,2025-07-06,Bengaluru,email,control,2025-07
3106,2025-04-09,Bengaluru,email,variant,2025-04
3107,2025-08-02,Pune,organic_search,variant,2025-08
3108,2025-05-14,Delhi,paid_social,control,2025-05
3109,2025-08-05,Delhi,direct,variant,2025-08
3110,2025-04-08,Chennai,paid_social,control,2025-04
3111,2025-05-31,Bengaluru,referral,control,2025-05
3112,2025-07-21,Ahmedabad,paid_social,control,2025-07
3113,2025-03-27,Kolkata,paid_social,control,2025-03
3114,2025-08-11,Bengaluru,paid_social,control,2025-08
3115,2025-05-15,Pune,paid_social,control,2025-05
3116,2025-05-25,Bengaluru,direct,variant,2025-05
3117,2025-06-13,Bengaluru,organic_search,variant,2025-06
3118,2025-06-16,Chennai,paid_social,variant,2025-06
3119,2025-03-12,Bengaluru,email,variant,2025-03
3120,2025-08-12,Delhi,direct,variant,2025-08
3121,2025-06-13,Bengaluru,email,control,2025-06
3122,2025-08-17,Ahmedabad,referral,variant,2025-08
3123,2025-05-16,Bengaluru,direct,control,2025-05
3124,2025-06-13,Bengaluru,organic_search,variant,2025-06
3125,2025-05-02,Chennai,direct,variant,2025-05
3126,2025-08-23,Mumbai,referral,control,2025-08
3127,2025-07-23,Bengaluru,organic_search,variant,2025-07
3128,2025-08-03,Delhi,email,variant,2025-08
3129,2025-06-07,Ahmedabad,organic_search,variant,2025-06
3130,2025-07-26,Ahmedabad,email,control,2025-07
3131,2025-05-08,Kolkata,organic_search,variant,2025-05
3132,2025-05-22,Delhi,email,variant,2025-05
3133,2025-07-21,Pune,paid_social,control,2025-07
3134,2025-03-25,Chennai,paid_social,variant,2025-03
3135,2025-06-29,Kolkata,organic_search,control,2025-06
3136,2025-03-14,Delhi,email,variant,2025-03
3137,2025-06-14,Chennai,paid_social,control,2025-06
3138,2025-05-23,Delhi,email,control,2025-05
3139,2025-05-06,Pune,organic_search,control,2025-05
3140,2025-05-08,Ahmedabad,organic_search,variant,2025-05
3141,2025-05-05,Mumbai,paid_social,variant,2025-05
3142,2025-05-21,Delhi,referral,control,2025-05
3143,2025-05-27,Kolkata,organic_search,control,2025-05
3144,2025-06-02,Mumbai,email,variant,2025-06
3145,2025-07-05,Chennai,organic_search,control,2025-07
3146,2025-06-07,Pune,email,control,2025-06
3147,2025-06-23,Bengaluru,organic_search,variant,2025-06
3148,2025-08-10,Kolkata,paid_social,control,2025-08
3149,2025-08-05,Kolkata,paid_social,variant,2025-08
3150,2025-03-10,Bengaluru,organic_search,control,2025-03
3151,2025-07-15,Mumbai,organic_search,variant,2025-07
3152,2025-04-10,Delhi,paid_social,variant,2025-04
3153,2025-04-03,Mumbai,paid_social,control,2025-04
3154,2025-07-21,Ahmedabad,referral,variant,2025-07
3155,2025-03-12,Pune,paid_social,variant,2025-03
3156,2025-08-05,Chennai,referral,variant,2025-08
3157,2025-07-19,Delhi,paid_social,control,2025-07
3158,2025-08-18,Kolkata,organic_search,control,2025-08
3159,2025-07-03,Chennai,organic_search,variant,2025-07
3160,2025-07-31,Kolkata,paid_social,control,2025-07
3161,2025-03-02,Hyderabad,organic_search,control,2025-03
3162,2025-08-19,Chennai,direct,control,2025-08
3163,2025-03-18,Pune,email,variant,2025-03
3164,2025-04-22,Hyderabad,paid_social,control,2025-04
3165,2025-03-18,Pune,paid_social,control,2025-03
3166,2025-05-11,Bengaluru,paid_social,variant,2025-05
3167,2025-07-15,Ahmedabad,email,control,2025-07
3168,2025-04-20,Chennai,organic_search,control,2025-04
3169,2025-07-10,Chennai,organic_search,control,2025-07
3170,2025-06-24,Chennai,organic_search,control,2025-06
3171,2025-06-24,Hyderabad,organic_search,variant,2025-06
3172,2025-08-20,Ahmedabad,email,control,2025-08
3173,2025-05-27,Delhi,organic_search,variant,2025-05
3174,2025-05-10,Pune,organic_search,control,2025-05
3175,2025-08-01,Mumbai,referral,control,2025-08
3176,2025-06-12,Bengaluru,referral,control,2025-06
3177,2025-06-19,Pune,paid_social,variant,2025-06
3178,2025-04-21,Hyderabad,paid_social,control,2025-04
3179,2025-04-10,Ahmedabad,direct,control,2025-04
3180,2025-04-08,Pune,organic_search,variant,2025-04
3181,2025-04-12,Hyderabad,paid_social,control,2025-04
3182,2025-04-22,Hyderabad,organic_search,variant,2025-04
3183,2025-06-30,Pune,paid_social,control,2025-06
3184,2025-03-10,Kolkata,referral,control,2025-03
3185,2025-06-05,Bengaluru,direct,variant,2025-06
3186,2025-08-20,Pune,referral,control,2025-08
3187,2025-07-12,Pune,email,control,2025-07
3188,2025-05-02,Mumbai,email,control,2025-05
3189,2025-03-08,Ahmedabad,direct,control,2025-03
3190,2025-07-30,Pune,email,variant,2025-07
3191,2025-03-14,Delhi,paid_social,control,2025-03
3192,2025-07-26,Chennai,organic_search,variant,2025-07
3193,2025-07-14,Chennai,paid_social,control,2025-07
3194,2025-04-24,Ahmedabad,organic_search,control,2025-04
3195,2025-07-19,Mumbai,paid_social,control,2025-07
3196,2025-04-24,Hyderabad,organic_search,variant,2025-04
3197,2025-04-08,Delhi,paid_social,variant,2025-04
3198,2025-07-25,Pune,organic_search,variant,2025-07
3199,2025-08-04,Pune,organic_search,control,2025-08
3200,2025-04-12,Hyderabad,paid_social,control,2025-04
3201,2025-08-17,Ahmedabad,organic_search,variant,2025-08
3202,2025-08-06,Pune,referral,control,2025-08
3203,2025-07-06,Hyderabad,paid_social,variant,2025-07
3204,2025-03-04,Mumbai,paid_social,control,2025-03
3205,2025-03-31,Bengaluru,organic_search,control,2025-03
3206,2025-07-13,Ahmedabad,direct,control,2025-07
3207,2025-08-25,Hyderabad,email,control,2025-08
3208,2025-07-05,Ahmedabad,paid_social,variant,2025-07
3209,2025-05-12,Pune,organic_search,variant,2025-05
3210,2025-04-26,Pune,email,variant,2025-04
3211,2025-08-19,Hyderabad,referral,variant,2025-08
3212,2025-03-31,Pune,paid_social,control,2025-03
3213,2025-05-14,Mumbai,organic_search,control,2025-05
3214,2025-08-02,Mumbai,organic_search,control,2025-08
3215,2025-06-05,Hyderabad,organic_search,variant,2025-06
3216,2025-04-06,Pune,email,control,2025-04
3217,2025-03-18,Pune,referral,variant,2025-03
3218,2025-05-05,Hyderabad,referral,variant,2025-05
3219,2025-08-05,Bengaluru,direct,variant,2025-08
3220,2025-05-06,Chennai,organic_search,variant,2025-05
3221,2025-07-08,Pune,referral,variant,2025-07
3222,2025-04-18,Mumbai,organic_search,variant,2025-04
3223,2025-07-10,Hyderabad,organic_search,variant,2025-07
3224,2025-07-08,Chennai,email,control,2025-07
3225,2025-06-13,Kolkata,organic_search,variant,2025-06
3226,2025-07-16,Bengaluru,direct,control,2025-07
3227,2025-05-30,Ahmedabad,referral,variant,2025-05
3228,2025-05-24,Chennai,direct,variant,2025-05
3229,2025-07-24,Hyderabad,direct,control,2025-07
3230,2025-08-14,Chennai,paid_social,variant,2025-08
3231,2025-08-14,Kolkata,organic_search,control,2025-08
3232,2025-04-19,Delhi,direct,variant,2025-04
3233,2025-07-11,Delhi,paid_social,variant,2025-07
3234,2025-03-11,Hyderabad,referral,variant,2025-03
3235,2025-06-08,Mumbai,organic_search,variant,2025-06
3236,2025-06-03,Kolkata,organic_search,control,2025-06
3237,2025-05-23,Ahmedabad,paid_social,control,2025-05
3238,2025-08-06,Pune,email,variant,2025-08
3239,2025-08-05,Ahmedabad,direct,control,2025-08
3240,2025-03-27,Mumbai,referral,control,2025-03
3241,2025-04-14,Chennai,organic_search,control,2025-04
3242,2025-04-17,Hyderabad,paid_social,control,2025-04
3243,2025-08-04,Bengaluru,organic_search,variant,2025-08
3244,2025-06-06,Bengaluru,organic_search,control,2025-06
3245,2025-07-19,Pune,paid_social,control,2025-07
3246,2025-07-11,Chennai,paid_social,variant,2025-07
3247,2025-07-03,Delhi,paid_social,variant,2025-07
3248,2025-03-24,Pune,paid_social,control,2025-03
3249,2025-03-12,Ahmedabad,email,variant,2025-03
3250,2025-05-18,Mumbai,direct,control,2025-05
3251,2025-05-09,Ahmedabad,organic_search,variant,2025-05
3252,2025-07-14,Pune,organic_search,control,2025-07
3253,2025-03-22,Bengaluru,email,control,2025-03
3254,2025-05-24,Chennai,direct,control,2025-05
3255,2025-04-05,Pune,direct,variant,2025-04
3256,2025-04-18,Kolkata,organic_search,control,2025-04
3257,2025-04-25,Mumbai,paid_social,control,2025-04
3258,2025-04-17,Mumbai,referral,variant,2025-04
3259,2025-06-03,Chennai,paid_social,control,2025-06
3260,2025-05-05,Bengaluru,paid_social,variant,2025-05
3261,2025-05-05,Delhi,referral,control,2025-05
3262,2025-05-02,Hyderabad,organic_search,control,2025-05
3263,2025-07-20,Chennai,email,control,2025-07
3264,2025-08-25,Delhi,direct,control,2025-08
3265,2025-06-13,Ahmedabad,organic_search,control,2025-06
3266,2025-06-15,Hyderabad,email,variant,2025-06
3267,2025-07-20,Delhi,paid_social,variant,2025-07
3268,2025-07-10,Mumbai,direct,control,2025-07
3269,2025-03-14,Kolkata,referral,control,2025-03
3270,2025-08-14,Mumbai,direct,variant,2025-08
3271,2025-03-09,Hyderabad,organic_search,control,2025-03
3272,2025-05-01,Chennai,direct,variant,2025-05
3273,2025-06-14,Pune,referral,variant,2025-06
3274,2025-05-23,Bengaluru,email,control,2025-05
3275,2025-04-02,Mumbai,email,variant,2025-04
3276,2025-08-04,Chennai,organic_search,variant,2025-08
3277,2025-03-08,Hyderabad,direct,variant,2025-03
3278,2025-04-22,Mumbai,organic_search,variant,2025-04
3279,2025-08-12,Delhi,organic_search,control,2025-08
3280,2025-07-13,Pune,referral,variant,2025-07
3281,2025-03-19,Delhi,referral,control,2025-03
3282,2025-07-06,Hyderabad,referral,control,2025-07
3283,2025-08-17,Mumbai,paid_social,variant,2025-08
3284,2025-03-01,Kolkata,organic_search,control,2025-03
3285,2025-05-03,Chennai,paid_social,variant,2025-05
3286,2025-05-22,Kolkata,organic_search,variant,2025-05
3287,2025-03-19,Mumbai,direct,variant,2025-03
3288,2025-04-04,Hyderabad,paid_social,variant,2025-04
3289,2025-04-12,Bengaluru,paid_social,variant,2025-04
3290,2025-04-01,Pune,organic_search,variant,2025-04
3291,2025-05-18,Kolkata,paid_social,variant,2025-05
3292,2025-05-21,Delhi,direct,variant,2025-05
3293,2025-04-07,Kolkata,email,variant,2025-04
3294,2025-04-09,Pune,organic_search,control,2025-04
3295,2025-04-06,Kolkata,organic_search,control,2025-04
3296,2025-07-09,Mumbai,paid_social,control,2025-07
3297,2025-04-07,Ahmedabad,organic_search,control,2025-04
3298,2025-08-04,Hyderabad,referral,control,2025-08
3299,2025-06-11,Bengaluru,email,variant,2025-06
3300,2025-07-23,Delhi,organic_search,variant,2025-07
3301,2025-06-20,Ahmedabad,direct,variant,2025-06
3302,2025-04-08,Ahmedabad,paid_social,variant,2025-04
3303,2025-06-25,Delhi,organic_search,variant,2025-06
3304,2025-04-05,Hyderabad,paid_social,variant,2025-04
3305,2025-03-26,Chennai,organic_search,variant,2025-03
3306,2025-04-08,Pune,paid_social,control,2025-04
3307,2025-04-15,Delhi,direct,variant,2025-04
3308,2025-03-06,Bengaluru,referral,control,2025-03
3309,2025-03-22,Bengaluru,organic_search,control,2025-03
3310,2025-08-06,Bengaluru,email,control,2025-08
3311,2025-06-23,Ahmedabad,organic_search,variant,2025-06
3312,2025-05-02,Delhi,paid_social,variant,2025-05
3313,2025-08-12,Chennai,organic_search,control,2025-08
3314,2025-04-04,Ahmedabad,paid_social,variant,2025-04
3315,2025-05-24,Kolkata,organic_search,control,2025-05
3316,2025-08-09,Kolkata,referral,control,2025-08
3317,2025-06-17,Delhi,direct,control,2025-06
3318,2025-05-24,Delhi,organic_search,control,2025-05
3319,2025-04-14,Kolkata,direct,variant,2025-04
3320,2025-03-02,Chennai,organic_search,control,2025-03
3321,2025-03-07,Chennai,email,control,2025-03
3322,2025-03-06,Hyderabad,organic_search,control,2025-03
3323,2025-07-24,Pune,organic_search,variant,2025-07
3324,2025-06-24,Mumbai,email,variant,2025-06
3325,2025-05-13,Bengaluru,paid_social,variant,2025-05
3326,2025-07-23,Pune,paid_social,variant,2025-07
3327,2025-03-07,Delhi,paid_social,variant,2025-03
3328,2025-04-19,Delhi,organic_search,control,2025-04
3329,2025-05-10,Mumbai,organic_search,control,2025-05
3330,2025-08-04,Delhi,email,variant,2025-08
3331,2025-06-06,Ahmedabad,email,control,2025-06
3332,2025-08-09,Chennai,organic_search,control,2025-08
3333,2025-04-09,Ahmedabad,paid_social,control,2025-04
3334,2025-08-03,Bengaluru,email,control,2025-08
3335,2025-03-10,Pune,email,control,2025-03
3336,2025-04-03,Ahmedabad,direct,control,2025-04
3337,2025-06-26,Bengaluru,paid_social,control,2025-06
3338,2025-03-11,Chennai,paid_social,variant,2025-03
3339,2025-08-01,Chennai,paid_social,variant,2025-08
3340,2025-08-14,Kolkata,organic_search,control,2025-08
3341,2025-06-23,Ahmedabad,organic_search,control,2025-06
3342,2025-04-10,Pune,organic_search,control,2025-04
3343,2025-03-24,Pune,direct,control,2025-03
3344,2025-06-16,Kolkata,organic_search,control,2025-06
3345,2025-06-19,Chennai,email,control,2025-06
3346,2025-07-07,Bengaluru,paid_social,variant,2025-07
3347,2025-05-31,Chennai,paid_social,variant,2025-05
3348,2025-03-10,Pune,direct,variant,2025-03
3349,2025-03-26,Delhi,email,variant,2025-03
3350,2025-07-21,Pune,organic_search,variant,2025-07
3351,2025-03-22,Pune,direct,variant,2025-03
3352,2025-08-22,Ahmedabad,paid_social,variant,2025-08
3353,2025-03-11,Pune,organic_search,variant,2025-03
3354,2025-07-08,Delhi,email,variant,2025-07
3355,2025-08-23,Ahmedabad,email,variant,2025-08
3356,2025-05-16,Pune,organic_search,variant,2025-05
3357,2025-03-09,Bengaluru,referral,control,2025-03
3358,2025-08-05,Kolkata,email,control,2025-08
3359,2025-04-24,Hyderabad,email,control,2025-04
3360,2025-05-31,Bengaluru,organic_search,control,2025-05
3361,2025-07-30,Kolkata,organic_search,control,2025-07
3362,2025-07-19,Kolkata,paid_social,control,2025-07
3363,2025-03-01,Pune,email,control,2025-03
3364,2025-07-03,Bengaluru,paid_social,variant,2025-07
3365,2025-03-28,Kolkata,direct,control,2025-03
3366,2025-07-10,Delhi,organic_search,control,2025-07
3367,2025-06-19,Chennai,email,control,2025-06
3368,2025-04-13,Pune,direct,control,2025-04
3369,2025-05-02,Kolkata,direct,variant,2025-05
3370,2025-03-06,Hyderabad,direct,variant,2025-03
3371,2025-08-19,Kolkata,direct,control,2025-08
3372,2025-04-02,Mumbai,organic_search,variant,2025-04
3373,2025-04-16,Kolkata,email,control,2025-04
3374,2025-06-08,Mumbai,referral,variant,2025-06
3375,2025-07-09,Chennai,paid_social,variant,2025-07
3376,2025-06-25,Delhi,organic_search,variant,2025-06
3377,2025-06-15,Ahmedabad,referral,control,2025-06
3378,2025-06-16,Kolkata,organic_search,variant,2025-06
3379,2025-08-07,Mumbai,organic_search,variant,2025-08
3380,2025-05-10,Ahmedabad,organic_search,variant,2025-05
3381,2025-07-18,Bengaluru,paid_social,control,2025-07
3382,2025-06-30,Pune,paid_social,control,2025-06
3383,2025-08-04,Mumbai,paid_social,control,2025-08
3384,2025-08-14,Mumbai,referral,control,2025-08
3385,2025-07-16,Delhi,paid_social,variant,2025-07
3386,2025-04-02,Pune,paid_social,control,2025-04
3387,2025-07-21,Pune,direct,control,2025-07
3388,2025-07-14,Kolkata,direct,variant,2025-07
3389,2025-04-06,Delhi,organic_search,control,2025-04
3390,2025-07-20,Chennai,organic_search,variant,2025-07
3391,2025-04-27,Mumbai,email,variant,2025-04
3392,2025-06-10,Bengaluru,direct,variant,2025-06
3393,2025-07-06,Delhi,paid_social,variant,2025-07
3394,2025-04-08,Mumbai,organic_search,control,2025-04
3395,2025-05-16,Pune,email,control,2025-05
3396,2025-06-30,Ahmedabad,email,variant,2025-06
3397,2025-05-13,Chennai,paid_social,control,2025-05
3398,2025-07-29,Kolkata,direct,control,2025-07
3399,2025-03-02,Pune,direct,variant,2025-03
3400,2025-07-11,Mumbai,email,control,2025-07
3401,2025-07-19,Bengaluru,email,control,2025-07
3402,2025-08-22,Kolkata,email,control,2025-08
3403,2025-03-03,Mumbai,paid_social,control,2025-03
3404,2025-08-04,Mumbai,paid_social,variant,2025-08
3405,2025-05-11,Kolkata,email,control,2025-05
3406,2025-05-16,Mumbai,email,control,2025-05
3407,2025-05-27,Ahmedabad,paid_social,control,2025-05
3408,2025-06-18,Kolkata,organic_search,variant,2025-06
3409,2025-06-14,Chennai,email,control,2025-06
3410,2025-05-01,Pune,email,control,2025-05
3411,2025-03-03,Mumbai,organic_search,variant,2025-03
3412,2025-08-02,Hyderabad,paid_social,control,2025-08
3413,2025-04-18,Kolkata,organic_search,variant,2025-04
3414,2025-03-10,Ahmedabad,referral,control,2025-03
3415,2025-06-05,Hyderabad,direct,control,2025-06
3416,2025-05-18,Kolkata,paid_social,control,2025-05
3417,2025-06-21,Kolkata,paid_social,variant,2025-06
3418,2025-08-10,Mumbai,email,control,2025-08
3419,2025-03-25,Pune,paid_social,control,2025-03
3420,2025-04-20,Pune,referral,variant,2025-04
3421,2025-06-19,Pune,organic_search,control,2025-06
3422,2025-07-23,Kolkata,organic_search,variant,2025-07
3423,2025-06-04,Ahmedabad,paid_social,variant,2025-06
3424,2025-05-21,Pune,organic_search,variant,2025-05
3425,2025-06-25,Bengaluru,email,control,2025-06
3426,2025-08-25,Ahmedabad,direct,control,2025-08
3427,2025-05-16,Ahmedabad,organic_search,variant,2025-05
3428,2025-08-19,Chennai,paid_social,control,2025-08
3429,2025-07-23,Chennai,email,control,2025-07
3430,2025-04-23,Mumbai,direct,variant,2025-04
3431,2025-04-25,Hyderabad,paid_social,variant,2025-04
3432,2025-07-22,Delhi,organic_search,control,2025-07
3433,2025-04-10,Pune,paid_social,control,2025-04
3434,2025-05-20,Kolkata,paid_social,variant,2025-05
3435,2025-04-11,Delhi,direct,variant,2025-04
3436,2025-06-21,Ahmedabad,paid_social,control,2025-06
3437,2025-04-22,Delhi,organic_search,control,2025-04
3438,2025-06-25,Mumbai,direct,control,2025-06
3439,2025-08-14,Ahmedabad,paid_social,control,2025-08
3440,2025-07-12,Mumbai,organic_search,control,2025-07
3441,2025-08-02,Chennai,paid_social,variant,2025-08
3442,2025-03-18,Kolkata,referral,control,2025-03
3443,2025-05-15,Bengaluru,email,control,2025-05
3444,2025-04-14,Mumbai,organic_search,variant,2025-04
3445,2025-08-16,Bengaluru,email,control,2025-08
3446,2025-07-22,Mumbai,organic_search,control,2025-07
3447,2025-04-04,Chennai,paid_social,variant,2025-04
3448,2025-06-11,Ahmedabad,paid_social,control,2025-06
3449,2025-06-19,Ahmedabad,organic_search,variant,2025-06
3450,2025-05-22,Kolkata,organic_search,control,2025-05
3451,2025-05-21,Kolkata,referral,control,2025-05
3452,2025-03-23,Ahmedabad,organic_search,variant,2025-03
3453,2025-05-23,Kolkata,direct,control,2025-05
3454,2025-05-26,Chennai,email,variant,2025-05
3455,2025-07-16,Ahmedabad,paid_social,control,2025-07
3456,2025-08-04,Bengaluru,organic_search,variant,2025-08
3457,2025-07-14,Hyderabad,organic_search,control,2025-07
3458,2025-03-20,Ahmedabad,organic_search,variant,2025-03
3459,2025-07-31,Bengaluru,paid_social,variant,2025-07
3460,2025-05-21,Bengaluru,referral,control,2025-05
3461,2025-05-15,Delhi,direct,control,2025-05
3462,2025-08-24,Bengaluru,organic_search,control,2025-08
3463,2025-08-03,Pune,organic_search,variant,2025-08
3464,2025-03-26,Ahmedabad,organic_search,control,2025-03
3465,2025-05-12,Delhi,referral,variant,2025-05
3466,2025-07-15,Chennai,organic_search,control,2025-07
3467,2025-06-17,Kolkata,organic_search,control,2025-06
3468,2025-04-16,Ahmedabad,email,variant,2025-04
3469,2025-06-24,Kolkata,paid_social,control,2025-06
3470,2025-08-02,Delhi,organic_search,control,2025-08
3471,2025-04-20,Hyderabad,email,variant,2025-04
3472,2025-07-26,Ahmedabad,organic_search,variant,2025-07
3473,2025-07-05,Ahmedabad,organic_search,control,2025-07
3474,2025-08-05,Pune,organic_search,control,2025-08
3475,2025-04-13,Ahmedabad,paid_social,control,2025-04
3476,2025-04-20,Chennai,referral,variant,2025-04
3477,2025-06-25,Mumbai,paid_social,control,2025-06
3478,2025-06-21,Ahmedabad,direct,variant,2025-06
3479,2025-05-22,Delhi,organic_search,variant,2025-05
3480,2025-07-11,Hyderabad,email,variant,2025-07
3481,2025-07-17,Delhi,referral,control,2025-07
3482,2025-04-05,Chennai,paid_social,control,2025-04
3483,2025-07-11,Mumbai,referral,control,2025-07
3484,2025-04-05,Chennai,email,control,2025-04
3485,2025-04-30,Kolkata,email,control,2025-04
3486,2025-03-24,Kolkata,organic_search,variant,2025-03
3487,2025-05-22,Bengaluru,email,control,2025-05
3488,2025-08-12,Ahmedabad,paid_social,control,2025-08
3489,2025-04-30,Bengaluru,referral,variant,2025-04
3490,2025-07-01,Chennai,referral,variant,2025-07
3491,2025-03-04,Pune,paid_social,control,2025-03
3492,2025-06-19,Mumbai,referral,variant,2025-06
3493,2025-05-05,Mumbai,direct,variant,2025-05
3494,2025-07-06,Delhi,paid_social,control,2025-07
3495,2025-08-22,Ahmedabad,organic_search,variant,2025-08
3496,2025-06-23,Ahmedabad,organic_search,control,2025-06
3497,2025-03-22,Hyderabad,organic_search,control,2025-03
3498,2025-05-08,Ahmedabad,organic_search,control,2025-05
3499,2025-03-17,Mumbai,referral,control,2025-03
3500,2025-05-05,Ahmedabad,organic_search,variant,2025-05
3501,2025-03-25,Delhi,email,variant,2025-03
3502,2025-06-01,Mumbai,email,control,2025-06
3503,2025-04-20,Kolkata,email,variant,2025-04
3504,2025-04-14,Hyderabad,organic_search,control,2025-04
3505,2025-03-22,Bengaluru,paid_social,control,2025-03
3506,2025-08-10,Kolkata,email,variant,2025-08
3507,2025-08-02,Bengaluru,paid_social,control,2025-08
3508,2025-07-20,Kolkata,organic_search,variant,2025-07
3509,2025-03-18,Delhi,email,control,2025-03
3510,2025-05-13,Mumbai,organic_search,variant,2025-05
3511,2025-08-08,Bengaluru,paid_social,control,2025-08
3512,2025-06-08,Pune,paid_social,control,2025-06
3513,2025-03-14,Delhi,organic_search,variant,2025-03
3514,2025-03-08,Delhi,direct,variant,2025-03
3515,2025-04-07,Chennai,organic_search,control,2025-04
3516,2025-08-05,Hyderabad,referral,variant,2025-08
3517,2025-03-31,Hyderabad,direct,control,2025-03
3518,2025-08-23,Delhi,paid_social,control,2025-08
3519,2025-07-05,Mumbai,organic_search,control,2025-07
3520,2025-08-02,Mumbai,organic_search,variant,2025-08
3521,2025-07-03,Chennai,referral,variant,2025-07
3522,2025-04-27,Mumbai,email,variant,2025-04
3523,2025-07-12,Delhi,organic_search,variant,2025-07
3524,2025-04-09,Ahmedabad,paid_social,control,2025-04
3525,2025-04-11,Bengaluru,organic_search,control,2025-04
3526,2025-04-02,Chennai,paid_social,control,2025-04
3527,2025-03-09,Bengaluru,paid_social,variant,2025-03
3528,2025-03-07,Ahmedabad,organic_search,control,2025-03
3529,2025-04-22,Kolkata,direct,variant,2025-04
3530,2025-03-02,Hyderabad,organic_search,variant,2025-03
3531,2025-05-11,Chennai,paid_social,variant,2025-05
3532,2025-03-23,Hyderabad,email,control,2025-03
3533,2025-03-24,Ahmedabad,referral,control,2025-03
3534,2025-08-12,Bengaluru,paid_social,variant,2025-08
3535,2025-03-07,Kolkata,referral,variant,2025-03
3536,2025-03-10,Pune,paid_social,control,2025-03
3537,2025-03-07,Chennai,direct,variant,2025-03
3538,2025-03-19,Bengaluru,organic_search,variant,2025-03
3539,2025-06-07,Kolkata,email,control,2025-06
3540,2025-07-16,Chennai,organic_search,variant,2025-07
3541,2025-07-17,Kolkata,referral,control,2025-07
3542,2025-06-25,Kolkata,referral,variant,2025-06
3543,2025-03-11,Delhi,paid_social,control,2025-03
3544,2025-07-25,Ahmedabad,paid_social,control,2025-07
3545,2025-03-12,Kolkata,paid_social,control,2025-03
3546,2025-06-18,Delhi,organic_search,variant,2025-06
3547,2025-05-18,Ahmedabad,email,variant,2025-05
3548,2025-08-20,Pune,email,control,2025-08
3549,2025-04-13,Bengaluru,paid_social,control,2025-04
3550,2025-06-21,Delhi,organic_search,control,2025-06
3551,2025-05-09,Bengaluru,referral,control,2025-05
3552,2025-06-12,Mumbai,organic_search,variant,2025-06
3553,2025-08-11,Chennai,email,control,2025-08
3554,2025-07-18,Chennai,organic_search,variant,2025-07
3555,2025-05-17,Chennai,organic_search,variant,2025-05
3556,2025-05-02,Pune,organic_search,control,2025-05
3557,2025-07-21,Bengaluru,paid_social,variant,2025-07
3558,2025-05-21,Chennai,email,variant,2025-05
3559,2025-04-02,Kolkata,paid_social,variant,2025-04
3560,2025-05-26,Mumbai,email,variant,2025-05
3561,2025-03-19,Hyderabad,email,control,2025-03
3562,2025-04-02,Ahmedabad,organic_search,control,2025-04
3563,2025-05-13,Kolkata,organic_search,variant,2025-05
3564,2025-07-22,Ahmedabad,email,control,2025-07
3565,2025-07-06,Delhi,email,variant,2025-07
3566,2025-04-26,Hyderabad,paid_social,variant,2025-04
3567,2025-05-11,Delhi,organic_search,control,2025-05
3568,2025-03-07,Kolkata,direct,control,2025-03
3569,2025-07-08,Pune,organic_search,control,2025-07
3570,2025-04-14,Delhi,email,variant,2025-04
3571,2025-07-18,Mumbai,organic_search,control,2025-07
3572,2025-08-23,Chennai,email,control,2025-08
3573,2025-07-04,Kolkata,paid_social,variant,2025-07
3574,2025-04-26,Ahmedabad,email,variant,2025-04
3575,2025-08-12,Ahmedabad,organic_search,variant,2025-08
3576,2025-07-02,Kolkata,paid_social,variant,2025-07
3577,2025-06-24,Kolkata,organic_search,control,2025-06
3578,2025-08-07,Kolkata,email,variant,2025-08
3579,2025-08-15,Ahmedabad,organic_search,variant,2025-08
3580,2025-03-20,Hyderabad,organic_search,control,2025-03
3581,2025-07-29,Kolkata,email,control,2025-07
3582,2025-07-05,Kolkata,organic_search,control,2025-07
3583,2025-04-19,Mumbai,organic_search,variant,2025-04
3584,2025-04-09,Chennai,direct,variant,2025-04
3585,2025-06-29,Bengaluru,direct,variant,2025-06
3586,2025-03-31,Delhi,direct,variant,2025-03
3587,2025-05-23,Delhi,organic_search,control,2025-05
3588,2025-07-03,Mumbai,paid_social,variant,2025-07
3589,2025-06-01,Ahmedabad,direct,variant,2025-06
3590,2025-08-13,Kolkata,organic_search,variant,2025-08
3591,2025-03-04,Mumbai,email,control,2025-03
3592,2025-04-18,Chennai,organic_search,variant,2025-04
3593,2025-08-13,Chennai,referral,variant,2025-08
3594,2025-06-17,Pune,email,control,2025-06
3595,2025-04-13,Pune,paid_social,variant,2025-04
3596,2025-04-21,Ahmedabad,paid_social,control,2025-04
3597,2025-05-18,Pune,organic_search,control,2025-05
3598,2025-06-10,Chennai,organic_search,variant,2025-06
3599,2025-03-31,Pune,email,control,2025-03
3600,2025-06-06,Hyderabad,paid_social,variant,2025-06
3601,2025-05-03,Ahmedabad,paid_social,variant,2025-05
3602,2025-05-30,Hyderabad,organic_search,control,2025-05
3603,2025-03-08,Kolkata,email,control,2025-03
3604,2025-06-04,Pune,paid_social,control,2025-06
3605,2025-07-31,Chennai,organic_search,control,2025-07
3606,2025-03-09,Kolkata,referral,variant,2025-03
3607,2025-04-14,Chennai,paid_social,control,2025-04
3608,2025-07-03,Pune,paid_social,variant,2025-07
3609,2025-06-06,Pune,referral,control,2025-06
3610,2025-06-29,Pune,paid_social,control,2025-06
3611,2025-05-31,Bengaluru,referral,variant,2025-05
3612,2025-07-03,Chennai,email,control,2025-07
3613,2025-06-11,Ahmedabad,email,variant,2025-06
3614,2025-03-19,Chennai,organic_search,variant,2025-03
3615,2025-07-21,Kolkata,organic_search,variant,2025-07
3616,2025-05-17,Kolkata,paid_social,control,2025-05
3617,2025-03-18,Bengaluru,organic_search,control,2025-03
3618,2025-05-26,Mumbai,organic_search,variant,2025-05
3619,2025-05-07,Bengaluru,paid_social,control,2025-05
3620,2025-03-23,Kolkata,email,variant,2025-03
3621,2025-08-24,Kolkata,organic_search,variant,2025-08
3622,2025-04-15,Pune,email,variant,2025-04
3623,2025-04-23,Kolkata,referral,variant,2025-04
3624,2025-05-03,Mumbai,email,variant,2025-05
3625,2025-07-23,Chennai,direct,control,2025-07
3626,2025-07-14,Chennai,email,variant,2025-07
3627,2025-07-05,Pune,organic_search,variant,2025-07
3628,2025-04-01,Chennai,paid_social,control,2025-04
3629,2025-08-18,Hyderabad,referral,variant,2025-08
3630,2025-07-11,Pune,email,control,2025-07
3631,2025-05-08,Pune,direct,control,2025-05
3632,2025-06-09,Kolkata,referral,variant,2025-06
3633,2025-03-28,Delhi,organic_search,variant,2025-03
3634,2025-07-10,Bengaluru,organic_search,control,2025-07
3635,2025-07-31,Hyderabad,email,variant,2025-07
3636,2025-05-07,Delhi,organic_search,control,2025-05
3637,2025-06-03,Bengaluru,paid_social,control,2025-06
3638,2025-05-19,Bengaluru,direct,control,2025-05
3639,2025-03-23,Bengaluru,email,variant,2025-03
3640,2025-06-22,Hyderabad,organic_search,control,2025-06
3641,2025-07-16,Pune,email,control,2025-07
3642,2025-08-19,Chennai,organic_search,variant,2025-08
3643,2025-08-09,Bengaluru,direct,control,2025-08
3644,2025-05-17,Kolkata,organic_search,control,2025-05
3645,2025-07-31,Hyderabad,direct,control,2025-07
3646,2025-06-14,Chennai,paid_social,variant,2025-06
3647,2025-06-14,Mumbai,paid_social,variant,2025-06
3648,2025-05-30,Delhi,paid_social,variant,2025-05
3649,2025-08-13,Hyderabad,organic_search,control,2025-08
3650,2025-07-19,Bengaluru,paid_social,control,2025-07
3651,2025-03-11,Hyderabad,direct,variant,2025-03
3652,2025-03-16,Delhi,direct,control,2025-03
3653,2025-05-08,Hyderabad,organic_search,control,2025-05
3654,2025-06-06,Chennai,email,control,2025-06
3655,2025-07-02,Chennai,direct,control,2025-07
3656,2025-05-09,Delhi,direct,control,2025-05
3657,2025-06-21,Bengaluru,paid_social,variant,2025-06
3658,2025-08-24,Pune,organic_search,control,2025-08
3659,2025-05-17,Pune,referral,variant,2025-05
3660,2025-05-17,Kolkata,paid_social,control,2025-05
3661,2025-06-16,Hyderabad,paid_social,variant,2025-06
3662,2025-05-13,Chennai,direct,variant,2025-05
3663,2025-08-09,Ahmedabad,organic_search,variant,2025-08
3664,2025-08-15,Bengaluru,direct,control,2025-08
3665,2025-06-20,Kolkata,organic_search,variant,2025-06
3666,2025-05-11,Bengaluru,email,control,2025-05
3667,2025-06-14,Bengaluru,referral,variant,2025-06
3668,2025-04-13,Chennai,referral,variant,2025-04
3669,2025-05-07,Pune,referral,variant,2025-05
3670,2025-04-08,Pune,direct,variant,2025-04
3671,2025-03-03,Delhi,organic_search,variant,2025-03
3672,2025-03-13,Mumbai,referral,variant,2025-03
3673,2025-06-18,Ahmedabad,referral,control,2025-06
3674,2025-03-20,Kolkata,paid_social,control,2025-03
3675,2025-06-26,Ahmedabad,paid_social,variant,2025-06
3676,2025-05-01,Pune,organic_search,variant,2025-05
3677,2025-05-21,Ahmedabad,paid_social,control,2025-05
3678,2025-07-21,Hyderabad,email,control,2025-07
3679,2025-06-11,Mumbai,paid_social,variant,2025-06
3680,2025-07-06,Delhi,paid_social,control,2025-07
3681,2025-07-08,Bengaluru,paid_social,control,2025-07
3682,2025-03-20,Hyderabad,organic_search,control,2025-03
3683,2025-04-24,Ahmedabad,referral,control,2025-04
3684,2025-06-16,Bengaluru,organic_search,variant,2025-06
3685,2025-08-12,Pune,organic_search,control,2025-08
3686,2025-03-19,Bengaluru,organic_search,control,2025-03
3687,2025-03-02,Chennai,direct,variant,2025-03
3688,2025-08-15,Pune,direct,control,2025-08
3689,2025-07-30,Delhi,organic_search,control,2025-07
3690,2025-04-26,Hyderabad,organic_search,control,2025-04
3691,2025-05-24,Mumbai,paid_social,control,2025-05
3692,2025-06-13,Ahmedabad,organic_search,variant,2025-06
3693,2025-04-10,Chennai,email,control,2025-04
3694,2025-04-20,Ahmedabad,organic_search,control,2025-04
3695,2025-05-17,Ahmedabad,paid_social,control,2025-05
3696,2025-06-18,Delhi,paid_social,control,2025-06
3697,2025-04-14,Chennai,paid_social,control,2025-04
3698,2025-05-06,Mumbai,paid_social,control,2025-05
3699,2025-04-02,Ahmedabad,organic_search,control,2025-04
3700,2025-07-06,Kolkata,organic_search,control,2025-07
3701,2025-03-15,Chennai,organic_search,variant,2025-03
3702,2025-04-11,Ahmedabad,organic_search,control,2025-04
3703,2025-04-14,Kolkata,referral,control,2025-04
3704,2025-08-05,Kolkata,organic_search,variant,2025-08
3705,2025-08-24,Mumbai,organic_search,control,2025-08
3706,2025-06-09,Mumbai,organic_search,variant,2025-06
3707,2025-03-24,Ahmedabad,direct,control,2025-03
3708,2025-07-09,Bengaluru,referral,control,2025-07
3709,2025-05-12,Hyderabad,direct,variant,2025-05
3710,2025-08-14,Mumbai,email,control,2025-08
3711,2025-05-07,Pune,direct,control,2025-05
3712,2025-08-04,Kolkata,paid_social,variant,2025-08
3713,2025-07-09,Kolkata,direct,variant,2025-07
3714,2025-04-22,Pune,direct,control,2025-04
3715,2025-07-03,Chennai,organic_search,variant,2025-07
3716,2025-04-12,Pune,paid_social,control,2025-04
3717,2025-05-18,Hyderabad,organic_search,variant,2025-05
3718,2025-04-19,Pune,organic_search,control,2025-04
3719,2025-07-11,Ahmedabad,direct,variant,2025-07
3720,2025-04-02,Bengaluru,organic_search,control,2025-04
3721,2025-05-30,Hyderabad,email,variant,2025-05
3722,2025-06-12,Pune,referral,control,2025-06
3723,2025-07-21,Pune,paid_social,variant,2025-07
3724,2025-07-29,Mumbai,paid_social,variant,2025-07
3725,2025-03-25,Bengaluru,email,variant,2025-03
3726,2025-08-16,Chennai,direct,variant,2025-08
3727,2025-03-01,Chennai,organic_search,control,2025-03
3728,2025-06-08,Chennai,organic_search,variant,2025-06
3729,2025-05-06,Ahmedabad,email,control,2025-05
3730,2025-06-25,Chennai,referral,variant,2025-06
3731,2025-07-14,Pune,organic_search,variant,2025-07
3732,2025-08-07,Bengaluru,paid_social,control,2025-08
3733,2025-05-07,Bengaluru,referral,control,2025-05
3734,2025-08-13,Kolkata,organic_search,variant,2025-08
3735,2025-03-31,Hyderabad,organic_search,variant,2025-03
3736,2025-04-07,Chennai,paid_social,variant,2025-04
3737,2025-05-04,Mumbai,organic_search,variant,2025-05
3738,2025-06-16,Delhi,organic_search,control,2025-06
3739,2025-07-17,Delhi,email,variant,2025-07
3740,2025-07-12,Delhi,email,variant,2025-07
3741,2025-04-03,Pune,paid_social,variant,2025-04
3742,2025-04-10,Chennai,paid_social,variant,2025-04
3743,2025-08-21,Pune,paid_social,variant,2025-08
3744,2025-05-05,Bengaluru,email,variant,2025-05
3745,2025-04-04,Pune,direct,variant,2025-04
3746,2025-08-01,Mumbai,direct,variant,2025-08
3747,2025-05-22,Hyderabad,email,variant,2025-05
3748,2025-08-01,Delhi,direct,control,2025-08
3749,2025-08-14,Mumbai,direct,control,2025-08
3750,2025-08-25,Delhi,organic_search,variant,2025-08
3751,2025-06-16,Mumbai,referral,variant,2025-06
3752,2025-07-10,Hyderabad,direct,variant,2025-07
3753,2025-08-03,Pune,organic_search,variant,2025-08
3754,2025-03-31,Pune,organic_search,control,2025-03
3755,2025-03-05,Hyderabad,email,control,2025-03
3756,2025-04-26,Delhi,paid_social,variant,2025-04
3757,2025-06-03,Mumbai,email,variant,2025-06
3758,2025-05-30,Chennai,paid_social,control,2025-05
3759,2025-03-23,Ahmedabad,organic_search,control,2025-03
3760,2025-06-10,Bengaluru,organic_search,control,2025-06
3761,2025-04-09,Delhi,direct,control,2025-04
3762,2025-06-19,Bengaluru,organic_search,variant,2025-06
3763,2025-06-13,Delhi,email,control,2025-06
3764,2025-06-24,Delhi,organic_search,control,2025-06
3765,2025-05-13,Hyderabad,paid_social,variant,2025-05
3766,2025-05-19,Kolkata,paid_social,variant,2025-05
3767,2025-07-23,Chennai,organic_search,variant,2025-07
3768,2025-07-11,Ahmedabad,email,control,2025-07
3769,2025-07-06,Bengaluru,email,control,2025-07
3770,2025-05-27,Hyderabad,organic_search,control,2025-05
3771,2025-05-06,Hyderabad,paid_social,variant,2025-05
3772,2025-04-01,Mumbai,email,control,2025-04
3773,2025-06-15,Hyderabad,email,variant,2025-06
3774,2025-03-28,Bengaluru,paid_social,variant,2025-03
3775,2025-05-02,Hyderabad,direct,variant,2025-05
3776,2025-04-23,Delhi,organic_search,control,2025-04
3777,2025-06-22,Chennai,organic_search,control,2025-06
3778,2025-08-24,Kolkata,email,variant,2025-08
3779,2025-08-09,Ahmedabad,email,control,2025-08
3780,2025-05-07,Mumbai,direct,variant,2025-05
3781,2025-03-15,Mumbai,organic_search,control,2025-03
3782,2025-04-03,Ahmedabad,paid_social,variant,2025-04
3783,2025-03-24,Kolkata,email,variant,2025-03
3784,2025-07-17,Pune,organic_search,control,2025-07
3785,2025-08-11,Bengaluru,paid_social,variant,2025-08
3786,2025-06-13,Pune,email,variant,2025-06
3787,2025-04-19,Pune,organic_search,variant,2025-04
3788,2025-03-15,Kolkata,paid_social,control,2025-03
3789,2025-08-21,Pune,organic_search,control,2025-08
3790,2025-04-25,Mumbai,referral,variant,2025-04
3791,2025-03-27,Chennai,organic_search,control,2025-03
3792,2025-04-17,Kolkata,organic_search,variant,2025-04
3793,2025-04-20,Bengaluru,organic_search,control,2025-04
3794,2025-06-07,Mumbai,organic_search,variant,2025-06
3795,2025-07-30,Delhi,organic_search,control,2025-07
3796,2025-04-11,Kolkata,email,variant,2025-04
3797,2025-07-23,Hyderabad,organic_search,control,2025-07
3798,2025-03-04,Pune,organic_search,control,2025-03
3799,2025-03-16,Ahmedabad,organic_search,control,2025-03
3800,2025-03-06,Mumbai,paid_social,variant,2025-03
3801,2025-08-10,Delhi,organic_search,control,2025-08
3802,2025-06-03,Kolkata,email,variant,2025-06
3803,2025-07-19,Pune,email,control,2025-07
3804,2025-03-23,Mumbai,email,variant,2025-03
3805,2025-03-22,Chennai,organic_search,variant,2025-03
3806,2025-08-17,Delhi,direct,control,2025-08
3807,2025-03-07,Kolkata,email,control,2025-03
3808,2025-03-15,Kolkata,organic_search,control,2025-03
3809,2025-06-01,Kolkata,paid_social,variant,2025-06
3810,2025-06-09,Hyderabad,direct,variant,2025-06
3811,2025-04-14,Bengaluru,organic_search,control,2025-04
3812,2025-05-18,Ahmedabad,paid_social,variant,2025-05
3813,2025-07-01,Pune,email,variant,2025-07
3814,2025-05-22,Chennai,organic_search,variant,2025-05
3815,2025-05-12,Delhi,referral,variant,2025-05
3816,2025-03-25,Pune,organic_search,variant,2025-03
3817,2025-05-14,Pune,organic_search,variant,2025-05
3818,2025-07-14,Bengaluru,organic_search,variant,2025-07
3819,2025-06-18,Kolkata,paid_social,control,2025-06
3820,2025-08-20,Delhi,direct,variant,2025-08
3821,2025-03-05,Chennai,direct,variant,2025-03
3822,2025-03-15,Ahmedabad,referral,variant,2025-03
3823,2025-05-30,Pune,paid_social,control,2025-05
3824,2025-04-13,Mumbai,paid_social,variant,2025-04
3825,2025-06-21,Pune,paid_social,control,2025-06
3826,2025-08-22,Pune,organic_search,variant,2025-08
3827,2025-05-07,Pune,referral,control,2025-05
3828,2025-06-09,Bengaluru,paid_social,variant,2025-06
3829,2025-07-14,Chennai,paid_social,control,2025-07
3830,2025-03-12,Bengaluru,paid_social,control,2025-03
3831,2025-08-02,Pune,direct,control,2025-08
3832,2025-04-08,Pune,organic_search,control,2025-04
3833,2025-07-10,Chennai,email,control,2025-07
3834,2025-06-13,Kolkata,email,variant,2025-06
3835,2025-03-26,Ahmedabad,direct,variant,2025-03
3836,2025-07-14,Kolkata,organic_search,variant,2025-07
3837,2025-04-10,Kolkata,organic_search,variant,2025-04
3838,2025-06-17,Kolkata,paid_social,control,2025-06
3839,2025-08-19,Delhi,direct,variant,2025-08
3840,2025-08-10,Bengaluru,referral,variant,2025-08
3841,2025-08-11,Pune,paid_social,control,2025-08
3842,2025-05-06,Hyderabad,organic_search,variant,2025-05
3843,2025-06-23,Chennai,organic_search,variant,2025-06
3844,2025-04-24,Mumbai,email,variant,2025-04
3845,2025-08-02,Delhi,organic_search,variant,2025-08
3846,2025-05-09,Chennai,paid_social,control,2025-05
3847,2025-07-06,Kolkata,direct,variant,2025-07
3848,2025-05-25,Bengaluru,paid_social,control,2025-05
3849,2025-06-30,Bengaluru,paid_social,variant,2025-06
3850,2025-04-05,Pune,organic_search,control,2025-04
3851,2025-07-07,Hyderabad,organic_search,control,2025-07
3852,2025-03-16,Delhi,email,control,2025-03
3853,2025-03-07,Pune,paid_social,control,2025-03
3854,2025-05-15,Kolkata,organic_search,control,2025-05
3855,2025-05-20,Chennai,organic_search,control,2025-05
3856,2025-07-22,Kolkata,organic_search,variant,2025-07
3857,2025-05-02,Chennai,email,variant,2025-05
3858,2025-03-04,Ahmedabad,email,control,2025-03
3859,2025-04-02,Delhi,paid_social,variant,2025-04
3860,2025-05-25,Mumbai,paid_social,variant,2025-05
3861,2025-06-17,Mumbai,organic_search,control,2025-06
3862,2025-06-13,Ahmedabad,paid_social,variant,2025-06
3863,2025-04-22,Chennai,organic_search,control,2025-04
3864,2025-06-15,Delhi,referral,control,2025-06
3865,2025-06-05,Kolkata,organic_search,control,2025-06
3866,2025-07-13,Bengaluru,paid_social,control,2025-07
3867,2025-06-18,Pune,organic_search,variant,2025-06
3868,2025-06-30,Delhi,direct,variant,2025-06
3869,2025-04-16,Mumbai,organic_search,control,2025-04
3870,2025-07-12,Bengaluru,referral,variant,2025-07
3871,2025-03-02,Delhi,organic_search,control,2025-03
3872,2025-03-08,Pune,direct,control,2025-03
3873,2025-08-10,Mumbai,email,variant,2025-08
3874,2025-05-09,Delhi,organic_search,variant,2025-05
3875,2025-06-07,Pune,organic_search,variant,2025-06
3876,2025-06-17,Hyderabad,paid_social,control,2025-06
3877,2025-07-10,Chennai,direct,control,2025-07
3878,2025-04-13,Chennai,direct,control,2025-04
3879,2025-04-22,Ahmedabad,organic_search,variant,2025-04
3880,2025-03-03,Kolkata,paid_social,control,2025-03
3881,2025-08-08,Delhi,organic_search,variant,2025-08
3882,2025-04-02,Chennai,organic_search,control,2025-04
3883,2025-06-24,Chennai,email,control,2025-06
3884,2025-05-05,Pune,organic_search,control,2025-05
3885,2025-03-23,Kolkata,organic_search,variant,2025-03
3886,2025-05-05,Delhi,direct,variant,2025-05
3887,2025-03-10,Hyderabad,email,variant,2025-03
3888,2025-04-17,Kolkata,direct,variant,2025-04
3889,2025-03-24,Ahmedabad,organic_search,variant,2025-03
3890,2025-07-03,Mumbai,referral,control,2025-07
3891,2025-06-04,Hyderabad,paid_social,variant,2025-06
3892,2025-08-22,Bengaluru,paid_social,variant,2025-08
3893,2025-05-09,Delhi,organic_search,variant,2025-05
3894,2025-04-05,Mumbai,direct,control,2025-04
3895,2025-06-19,Pune,paid_social,control,2025-06
3896,2025-07-31,Chennai,direct,variant,2025-07
3897,2025-06-23,Pune,email,control,2025-06
3898,2025-03-25,Bengaluru,direct,control,2025-03
3899,2025-04-23,Kolkata,email,control,2025-04
3900,2025-08-06,Chennai,referral,variant,2025-08
3901,2025-06-02,Ahmedabad,organic_search,control,2025-06
3902,2025-08-09,Bengaluru,organic_search,variant,2025-08
3903,2025-06-08,Delhi,email,variant,2025-06
3904,2025-03-27,Hyderabad,paid_social,variant,2025-03
3905,2025-08-15,Pune,paid_social,control,2025-08
3906,2025-07-25,Hyderabad,email,variant,2025-07
3907,2025-07-20,Kolkata,paid_social,control,2025-07
3908,2025-08-18,Mumbai,direct,control,2025-08
3909,2025-04-03,Pune,organic_search,control,2025-04
3910,2025-07-30,Hyderabad,direct,control,2025-07
3911,2025-04-01,Delhi,organic_search,variant,2025-04
3912,2025-08-14,Chennai,email,control,2025-08
3913,2025-04-05,Kolkata,direct,variant,2025-04
3914,2025-06-26,Pune,organic_search,control,2025-06
3915,2025-07-02,Mumbai,organic_search,variant,2025-07
3916,2025-03-27,Mumbai,organic_search,variant,2025-03
3917,2025-03-19,Hyderabad,paid_social,control,2025-03
3918,2025-07-31,Chennai,paid_social,variant,2025-07
3919,2025-03-02,Bengaluru,organic_search,control,2025-03
3920,2025-06-10,Bengaluru,direct,variant,2025-06
3921,2025-08-07,Kolkata,organic_search,variant,2025-08
3922,2025-06-07,Mumbai,paid_social,variant,2025-06
3923,2025-05-14,Mumbai,paid_social,control,2025-05
3924,2025-05-03,Delhi,organic_search,variant,2025-05
3925,2025-06-02,Ahmedabad,organic_search,variant,2025-06
3926,2025-06-18,Hyderabad,referral,variant,2025-06
3927,2025-06-26,Delhi,email,control,2025-06
3928,2025-03-08,Bengaluru,organic_search,control,2025-03
3929,2025-06-25,Ahmedabad,direct,variant,2025-06
3930,2025-07-08,Chennai,paid_social,variant,2025-07
3931,2025-07-08,Delhi,organic_search,variant,2025-07
3932,2025-03-03,Delhi,email,variant,2025-03
3933,2025-07-10,Mumbai,paid_social,variant,2025-07
3934,2025-07-12,Kolkata,organic_search,control,2025-07
3935,2025-04-18,Delhi,direct,variant,2025-04
3936,2025-08-02,Bengaluru,organic_search,control,2025-08
3937,2025-06-04,Bengaluru,organic_search,variant,2025-06
3938,2025-05-12,Pune,organic_search,control,2025-05
3939,2025-06-30,Pune,direct,variant,2025-06
3940,2025-06-03,Kolkata,email,variant,2025-06
3941,2025-06-16,Bengaluru,referral,variant,2025-06
3942,2025-04-26,Hyderabad,organic_search,control,2025-04
3943,2025-08-14,Hyderabad,direct,variant,2025-08
3944,2025-08-02,Mumbai,paid_social,control,2025-08
3945,2025-03-28,Chennai,organic_search,control,2025-03
3946,2025-07-13,Pune,organic_search,variant,2025-07
3947,2025-03-21,Hyderabad,direct,variant,2025-03
3948,2025-05-05,Ahmedabad,organic_search,control,2025-05
3949,2025-08-14,Delhi,email,variant,2025-08
3950,2025-04-02,Ahmedabad,paid_social,control,2025-04
3951,2025-05-17,Chennai,organic_search,variant,2025-05
3952,2025-04-05,Delhi,referral,variant,2025-04
3953,2025-07-24,Chennai,direct,variant,2025-07
3954,2025-05-01,Kolkata,paid_social,variant,2025-05
3955,2025-06-17,Bengaluru,email,variant,2025-06
3956,2025-08-01,Bengaluru,paid_social,variant,2025-08
3957,2025-06-18,Kolkata,email,control,2025-06
3958,2025-07-12,Delhi,organic_search,control,2025-07
3959,2025-03-28,Mumbai,paid_social,variant,2025-03
3960,2025-04-18,Chennai,organic_search,control,2025-04
3961,2025-08-08,Ahmedabad,paid_social,variant,2025-08
3962,2025-07-31,Pune,paid_social,control,2025-07
3963,2025-06-15,Delhi,organic_search,variant,2025-06
3964,2025-05-12,Pune,referral,control,2025-05
3965,2025-04-01,Bengaluru,organic_search,variant,2025-04
3966,2025-08-14,Kolkata,organic_search,variant,2025-08
3967,2025-07-04,Pune,paid_social,control,2025-07
3968,2025-04-06,Bengaluru,email,variant,2025-04
3969,2025-05-30,Pune,organic_search,control,2025-05
3970,2025-06-09,Chennai,paid_social,variant,2025-06
3971,2025-05-06,Chennai,email,variant,2025-05
3972,2025-07-31,Bengaluru,organic_search,control,2025-07
3973,2025-03-13,Pune,referral,control,2025-03
3974,2025-04-06,Mumbai,organic_search,control,2025-04
3975,2025-03-04,Hyderabad,email,control,2025-03
3976,2025-07-12,Hyderabad,organic_search,variant,2025-07
3977,2025-05-31,Pune,email,control,2025-05
3978,2025-08-25,Ahmedabad,direct,variant,2025-08
3979,2025-06-12,Ahmedabad,organic_search,variant,2025-06
3980,2025-03-28,Hyderabad,organic_search,variant,2025-03
3981,2025-05-24,Chennai,organic_search,variant,2025-05
3982,2025-03-28,Mumbai,organic_search,control,2025-03
3983,2025-07-14,Hyderabad,referral,variant,2025-07
3984,2025-07-10,Chennai,paid_social,variant,2025-07
3985,2025-08-18,Chennai,email,variant,2025-08
3986,2025-05-02,Ahmedabad,referral,control,2025-05
3987,2025-04-23,Hyderabad,direct,control,2025-04
3988,2025-03-10,Ahmedabad,direct,variant,2025-03
3989,2025-04-30,Ahmedabad,organic_search,variant,2025-04
3990,2025-05-06,Pune,organic_search,control,2025-05
3991,2025-07-05,Mumbai,organic_search,variant,2025-07
3992,2025-06-29,Hyderabad,organic_search,control,2025-06
3993,2025-03-19,Kolkata,paid_social,variant,2025-03
3994,2025-04-02,Pune,organic_search,control,2025-04
3995,2025-06-22,Ahmedabad,paid_social,control,2025-06
3996,2025-05-12,Kolkata,paid_social,control,2025-05
3997,2025-03-21,Mumbai,organic_search,control,2025-03
3998,2025-08-07,Kolkata,organic_search,control,2025-08
3999,2025-07-02,Bengaluru,paid_social,control,2025-07
4000,2025-06-04,Kolkata,paid_social,control,2025-06
