order_id,session_id,customer_id,order_date,category,checkout_variant,order_value
1,14,5,2025-06-06 00:09:00,Fashion,control,1739.79
2,15,5,2025-05-25 00:09:00,Home & Kitchen,control,3784.79
3,18,6,2025-08-26 00:09:00,Beauty,control,474.71
4,19,6,2025-09-06 00:09:00,Fashion,control,2258.22
5,20,6,2025-09-13 00:09:00,Fashion,control,453.97
6,43,12,2025-08-26 00:09:00,Electronics,variant,1997.27
7,52,16,2025-07-26 00:09:00,Fashion,control,2240.77
8,57,18,2025-04-10 00:09:00,Sports,variant,1010.86
9,82,26,2025-06-16 00:09:00,Fashion,control,2841.13
10,85,28,2025-08-05 00:09:00,Books,control,2012.93
11,88,29,2025-07-09 00:09:00,Sports,variant,4151.02
12,90,30,2025-06-05 00:09:00,Fashion,variant,1103.94
13,102,34,2025-06-26 00:09:00,Home & Kitchen,control,1154.13
14,105,35,2025-08-27 00:09:00,Sports,variant,552.34
15,115,38,2025-07-24 00:09:00,Fashion,variant,4879.6
16,118,38,2025-08-03 00:09:00,Sports,variant,2941.41
17,122,39,2025-04-22 00:09:00,Electronics,variant,702.61
18,128,39,2025-06-21 00:09:00,Beauty,variant,2219.26
19,137,41,2025-04-01 00:09:00,Home & Kitchen,control,3592.19
20,151,44,2025-05-29 00:09:00,Home & Kitchen,variant,1155.88
21,158,45,2025-05-25 00:09:00,Home & Kitchen,control,1046.25
22,170,49,2025-08-01 00:09:00,Home & Kitchen,variant,456.98
23,175,50,2025-08-06 00:09:00,Home & Kitchen,variant,2732.35
24,187,53,2025-06-27 00:09:00,Home & Kitchen,variant,971.64
25,192,55,2025-05-01 00:09:00,Electronics,variant,586.94
26,194,56,2025-03-31 00:09:00,Fashion,control,2130.44
27,195,56,2025-04-07 00:09:00,Beauty,control,490.13
28,201,57,2025-08-01 00:09:00,Beauty,control,1852.84
29,202,57,2025-08-14 00:09:00,Beauty,control,641.49
30,207,58,2025-07-04 00:09:00,Electronics,control,2284.48
31,208,58,2025-06-30 00:09:00,Electronics,control,713.86
32,214,61,2025-08-09 00:09:00,Beauty,variant,1017.65
33,234,65,2025-05-30 00:09:00,Home & Kitchen,variant,1588.47
34,240,66,2025-05-01 00:09:00,Fashion,variant,1105.66
35,253,69,2025-05-02 00:09:00,Sports,control,4990.76
36,257,70,2025-07-27 00:09:00,Books,control,811.0
37,260,71,2025-07-23 00:09:00,Sports,variant,603.32
38,264,73,2025-06-15 00:09:00,Fashion,control,3745.22
39,267,74,2025-04-02 00:09:00,Fashion,variant,1252.32
40,290,82,2025-05-08 00:09:00,Electronics,control,2173.43
41,298,84,2025-07-28 00:09:00,Electronics,variant,929.27
42,310,89,2025-08-01 00:09:00,Beauty,control,1196.62
43,313,90,2025-08-16 00:09:00,Electronics,control,1841.44
44,326,94,2025-05-21 00:09:00,Sports,variant,1748.52
45,327,94,2025-06-27 00:09:00,Beauty,variant,2948.41
46,329,95,2025-08-27 00:09:00,Electronics,variant,580.93
47,332,96,2025-04-21 00:09:00,Electronics,variant,1688.28
48,333,96,2025-04-23 00:09:00,Home & Kitchen,variant,301.06
49,355,102,2025-06-10 00:09:00,Electronics,variant,1345.38
50,359,103,2025-07-08 00:09:00,Sports,variant,2657.05
51,368,107,2025-07-18 00:09:00,Fashion,control,6211.19
52,388,111,2025-06-24 00:09:00,Beauty,control,1930.75
53,391,111,2025-07-08 00:09:00,Fashion,control,2786.09
54,414,118,2025-03-20 00:09:00,Home & Kitchen,variant,1109.52
55,424,121,2025-06-02 00:09:00,Sports,control,1115.5
56,436,124,2025-06-26 00:09:00,Home & Kitchen,control,1497.52
57,441,126,2025-06-28 00:09:00,Sports,control,1476.7
58,451,130,2025-06-26 00:09:00,Books,control,1794.02
59,454,130,2025-08-02 00:09:00,Fashion,control,628.29
60,464,131,2025-06-05 00:09:00,Fashion,variant,3363.63
61,466,131,2025-06-01 00:09:00,Electronics,variant,1610.07
62,478,137,2025-07-05 00:09:00,Fashion,variant,2288.71
63,480,137,2025-08-18 00:09:00,Beauty,variant,2836.1
64,481,138,2025-03-11 00:09:00,Fashion,variant,740.91
65,483,138,2025-06-01 00:09:00,Beauty,variant,3182.45
66,485,140,2025-06-02 00:09:00,Books,control,1983.79
67,488,140,2025-05-23 00:09:00,Beauty,control,2087.98
68,499,144,2025-06-05 00:09:00,Home & Kitchen,control,1438.34
69,518,149,2025-07-28 00:09:00,Sports,control,3776.91
70,520,150,2025-03-25 00:09:00,Electronics,variant,3187.07
71,524,151,2025-09-01 00:09:00,Electronics,control,1007.77
72,526,152,2025-05-06 00:09:00,Books,variant,1353.59
73,533,153,2025-08-27 00:09:00,Electronics,control,1845.99
74,556,162,2025-07-04 00:09:00,Books,variant,1436.96
75,561,163,2025-05-29 00:09:00,Beauty,control,2989.34
76,575,168,2025-04-16 00:09:00,Home & Kitchen,variant,3195.54
77,576,168,2025-04-24 00:09:00,Beauty,variant,1183.4
78,582,170,2025-03-22 00:09:00,Electronics,control,1036.81
79,619,184,2025-08-08 00:09:00,Electronics,control,1481.05
80,634,188,2025-05-27 00:09:00,Home & Kitchen,control,1867.05
81,644,190,2025-06-01 00:09:00,Beauty,control,1876.86
82,649,192,2025-06-20 00:09:00,Electronics,control,803.09
83,652,193,2025-06-21 00:09:00,Sports,control,635.84
84,655,194,2025-05-18 00:09:00,Home & Kitchen,control,2828.45
85,659,195,2025-09-07 00:09:00,Books,control,1066.77
86,664,196,2025-03-29 00:09:00,Home & Kitchen,variant,1365.19
87,668,197,2025-05-15 00:09:00,Electronics,control,2558.97
88,676,201,2025-06-11 00:09:00,Sports,variant,1690.58
89,677,201,2025-06-06 00:09:00,Books,variant,1374.94
90,679,202,2025-08-24 00:09:00,Home & Kitchen,variant,753.28
91,680,203,2025-05-13 00:09:00,Sports,control,1080.91
92,717,217,2025-03-28 00:09:00,Electronics,variant,939.37
93,719,217,2025-03-22 00:09:00,Beauty,variant,1275.43
94,722,217,2025-04-30 00:09:00,Beauty,variant,881.72
95,729,218,2025-03-19 00:09:00,Electronics,control,655.94
96,735,221,2025-03-05 00:09:00,Electronics,variant,1441.49
97,736,222,2025-05-23 00:09:00,Books,variant,2028.68
98,737,223,2025-07-29 00:09:00,Electronics,variant,424.37
99,739,224,2025-04-28 00:09:00,Electronics,variant,789.94
100,756,229,2025-06-16 00:09:00,Fashion,control,2198.81
101,758,230,2025-04-23 00:09:00,Fashion,control,1771.37
102,764,233,2025-04-04 00:09:00,Books,control,1882.45
103,777,236,2025-07-21 00:09:00,Sports,control,2161.42
104,780,238,2025-06-05 00:09:00,Electronics,control,2439.52
105,792,243,2025-03-27 00:09:00,Home & Kitchen,control,1303.95
106,802,247,2025-07-22 00:09:00,Fashion,control,1482.14
107,816,252,2025-06-05 00:09:00,Fashion,variant,690.96
108,828,255,2025-06-16 00:09:00,Fashion,variant,1399.41
109,835,259,2025-04-21 00:09:00,Fashion,control,2099.68
110,861,265,2025-09-04 00:09:00,Home & Kitchen,control,1263.34
111,874,269,2025-06-17 00:09:00,Sports,variant,1247.99
112,875,269,2025-06-24 00:09:00,Electronics,variant,744.08
113,887,272,2025-06-25 00:09:00,Beauty,variant,1145.31
114,888,273,2025-04-22 00:09:00,Books,variant,1396.23
115,892,273,2025-05-22 00:09:00,Home & Kitchen,variant,2323.17
116,895,274,2025-08-23 00:09:00,Fashion,control,936.25
117,899,275,2025-05-12 00:09:00,Home & Kitchen,control,1044.16
118,904,275,2025-05-13 00:09:00,Beauty,control,2231.43
119,907,276,2025-05-23 00:09:00,Sports,control,282.38
120,917,278,2025-08-04 00:09:00,Electronics,control,2478.24
121,924,280,2025-03-25 00:09:00,Home & Kitchen,variant,1175.77
122,936,285,2025-05-07 00:09:00,Home & Kitchen,control,1094.77
123,942,287,2025-04-06 00:09:00,Fashion,variant,2426.37
124,945,288,2025-06-28 00:09:00,Electronics,variant,1679.39
125,952,290,2025-05-19 00:09:00,Home & Kitchen,control,1464.24
126,957,291,2025-07-25 00:09:00,Beauty,control,1139.61
127,965,293,2025-08-14 00:09:00,Home & Kitchen,variant,482.6
128,975,298,2025-05-23 00:09:00,Electronics,control,833.9
129,990,303,2025-03-19 00:09:00,Sports,variant,2474.66
130,993,303,2025-06-06 00:09:00,Sports,variant,1841.55
131,1001,305,2025-06-28 00:09:00,Home & Kitchen,variant,621.27
132,1002,305,2025-07-26 00:09:00,Electronics,variant,2687.0
133,1026,311,2025-06-20 00:09:00,Books,control,363.84
134,1033,313,2025-05-02 00:09:00,Home & Kitchen,variant,904.77
135,1035,314,2025-04-02 00:09:00,Books,variant,735.22
136,1037,314,2025-04-15 00:09:00,Electronics,variant,405.95
137,1040,316,2025-07-02 00:09:00,Beauty,variant,1462.7
138,1041,316,2025-06-10 00:09:00,Electronics,variant,1077.63
139,1044,317,2025-07-26 00:09:00,Electronics,control,1138.55
140,1056,320,2025-06-30 00:09:00,Home & Kitchen,control,1846.73
141,1058,321,2025-05-13 00:09:00,Sports,variant,645.42
142,1061,322,2025-03-20 00:09:00,Home & Kitchen,variant,1736.6
143,1063,322,2025-05-13 00:09:00,Beauty,variant,4065.32
144,1069,324,2025-08-25 00:09:00,Sports,variant,980.84
145,1078,326,2025-04-25 00:09:00,Fashion,control,4455.66
146,1085,328,2025-03-16 00:09:00,Electronics,control,2052.4
147,1087,329,2025-03-13 00:09:00,Beauty,control,2226.08
148,1102,332,2025-07-22 00:09:00,Sports,variant,1463.21
149,1111,335,2025-08-17 00:09:00,Electronics,control,713.4
150,1125,341,2025-06-08 00:09:00,Electronics,variant,1260.94
151,1138,346,2025-05-02 00:09:00,Home & Kitchen,variant,2024.21
152,1145,347,2025-08-24 00:09:00,Beauty,variant,831.19
153,1146,347,2025-08-09 00:09:00,Books,variant,1631.42
154,1150,349,2025-04-26 00:09:00,Beauty,control,2559.84
155,1153,350,2025-03-26 00:09:00,Beauty,variant,918.6
156,1159,352,2025-03-24 00:09:00,Books,control,2784.03
157,1167,352,2025-06-11 00:09:00,Beauty,control,882.14
158,1175,355,2025-08-19 00:09:00,Electronics,control,3446.82
159,1186,358,2025-08-14 00:09:00,Home & Kitchen,variant,2064.37
160,1202,364,2025-09-20 00:09:00,Sports,variant,1568.72
161,1203,364,2025-08-31 00:09:00,Home & Kitchen,variant,2852.32
162,1211,367,2025-05-08 00:09:00,Sports,variant,2249.14
163,1214,368,2025-05-20 00:09:00,Fashion,control,1858.98
164,1216,368,2025-05-06 00:09:00,Books,control,916.55
165,1229,370,2025-07-19 00:09:00,Fashion,variant,1612.12
166,1234,372,2025-06-21 00:09:00,Books,control,1866.66
167,1237,373,2025-05-14 00:09:00,Books,control,2396.57
168,1254,377,2025-07-13 00:09:00,Electronics,variant,1135.65
169,1255,377,2025-07-07 00:09:00,Fashion,variant,972.68
170,1279,385,2025-03-14 00:09:00,Electronics,variant,1054.14
171,1284,386,2025-03-30 00:09:00,Fashion,control,2261.04
172,1290,387,2025-03-11 00:09:00,Electronics,variant,1061.53
173,1313,397,2025-04-04 00:09:00,Electronics,control,2267.2
174,1327,400,2025-04-28 00:09:00,Home & Kitchen,variant,1829.37
175,1329,401,2025-08-27 00:09:00,Sports,variant,1966.29
176,1332,402,2025-07-23 00:09:00,Books,control,3601.62
177,1365,412,2025-04-20 00:09:00,Electronics,control,2430.46
178,1371,414,2025-04-06 00:09:00,Beauty,variant,2892.0
179,1375,414,2025-08-10 00:09:00,Electronics,variant,1064.55
180,1378,415,2025-08-05 00:09:00,Books,control,703.85
181,1386,419,2025-05-15 00:09:00,Sports,control,832.9
182,1402,425,2025-06-02 00:09:00,Fashion,variant,705.63
183,1407,425,2025-05-12 00:09:00,Beauty,variant,908.69
184,1418,431,2025-04-11 00:09:00,Home & Kitchen,control,1356.23
185,1419,431,2025-04-20 00:09:00,Sports,control,1243.46
186,1421,431,2025-05-22 00:09:00,Fashion,control,2089.61
187,1427,433,2025-08-14 00:09:00,Beauty,control,949.58
188,1428,433,2025-08-12 00:09:00,Electronics,control,1144.43
189,1438,437,2025-06-20 00:09:00,Fashion,control,1992.68
190,1457,443,2025-05-19 00:09:00,Sports,variant,1653.64
191,1489,455,2025-06-25 00:09:00,Home & Kitchen,control,1240.35
192,1501,459,2025-08-20 00:09:00,Beauty,control,3269.97
193,1518,464,2025-06-07 00:09:00,Books,variant,2625.04
194,1522,464,2025-06-13 00:09:00,Home & Kitchen,variant,4158.01
195,1531,467,2025-03-27 00:09:00,Sports,control,3685.23
196,1535,469,2025-05-06 00:09:00,Books,control,522.78
197,1537,469,2025-05-04 00:09:00,Fashion,control,1792.11
198,1538,470,2025-09-08 00:09:00,Home & Kitchen,control,1382.94
199,1543,472,2025-08-19 00:09:00,Sports,variant,2193.37
200,1547,473,2025-06-18 00:09:00,Electronics,variant,4003.74
201,1551,475,2025-06-25 00:09:00,Beauty,control,2182.28
202,1555,475,2025-07-19 00:09:00,Electronics,control,1538.31
203,1561,478,2025-03-22 00:09:00,Beauty,control,1416.58
204,1562,479,2025-07-16 00:09:00,Beauty,control,2723.1
205,1568,481,2025-05-05 00:09:00,Fashion,variant,2387.33
206,1583,485,2025-06-20 00:09:00,Beauty,control,1348.67
207,1603,488,2025-07-23 00:09:00,Sports,control,605.03
208,1605,489,2025-07-29 00:09:00,Books,variant,1656.89
209,1617,494,2025-06-19 00:09:00,Electronics,control,1051.02
210,1619,495,2025-04-24 00:09:00,Books,variant,945.75
211,1622,496,2025-06-11 00:09:00,Beauty,variant,463.66
212,1637,499,2025-08-13 00:09:00,Sports,variant,3443.29
213,1638,499,2025-08-04 00:09:00,Electronics,variant,4312.24
214,1655,504,2025-09-01 00:09:00,Fashion,variant,1275.43
215,1662,508,2025-05-10 00:09:00,Home & Kitchen,control,1425.47
216,1665,509,2025-05-08 00:09:00,Books,control,1703.14
217,1675,512,2025-07-26 00:09:00,Books,variant,1243.02
218,1688,517,2025-08-23 00:09:00,Beauty,control,1900.8
219,1701,520,2025-06-15 00:09:00,Home & Kitchen,variant,2002.55
220,1705,521,2025-06-17 00:09:00,Sports,variant,3322.93
221,1706,521,2025-06-16 00:09:00,Books,variant,741.32
222,1720,525,2025-05-09 00:09:00,Books,variant,1863.88
223,1734,531,2025-06-19 00:09:00,Home & Kitchen,variant,1309.67
224,1735,532,2025-03-11 00:09:00,Sports,control,1236.93
225,1748,536,2025-04-06 00:09:00,Electronics,control,346.32
226,1753,538,2025-03-29 00:09:00,Fashion,variant,961.86
227,1761,541,2025-08-11 00:09:00,Books,variant,2053.99
228,1767,542,2025-05-25 00:09:00,Sports,control,996.29
229,1784,545,2025-07-12 00:09:00,Sports,control,1676.3
230,1786,547,2025-05-17 00:09:00,Sports,variant,160.8
231,1789,548,2025-07-08 00:09:00,Sports,control,1366.13
232,1793,548,2025-07-07 00:09:00,Books,control,1626.66
233,1798,550,2025-08-15 00:09:00,Sports,variant,932.14
234,1808,554,2025-04-26 00:09:00,Electronics,control,1294.95
235,1817,556,2025-06-15 00:09:00,Books,variant,1796.37
236,1825,560,2025-09-02 00:09:00,Sports,variant,1150.64
237,1827,560,2025-09-09 00:09:00,Home & Kitchen,variant,1999.23
238,1831,561,2025-06-20 00:09:00,Electronics,control,1062.26
239,1835,561,2025-07-01 00:09:00,Electronics,control,2349.58
240,1837,563,2025-05-17 00:09:00,Home & Kitchen,variant,541.55
241,1840,564,2025-04-24 00:09:00,Fashion,control,1448.58
242,1844,565,2025-09-13 00:09:00,Sports,variant,1987.3
243,1848,566,2025-04-17 00:09:00,Electronics,control,1485.49
244,1864,568,2025-05-16 00:09:00,Electronics,variant,2329.3
245,1871,571,2025-08-27 00:09:00,Home & Kitchen,variant,1216.48
246,1874,572,2025-05-10 00:09:00,Books,variant,1247.21
247,1882,575,2025-03-30 00:09:00,Sports,variant,421.08
248,1889,576,2025-06-05 00:09:00,Books,variant,2308.53
249,1899,580,2025-03-28 00:09:00,Home & Kitchen,control,2558.33
250,1902,581,2025-03-30 00:09:00,Books,variant,2420.85
251,1916,584,2025-04-04 00:09:00,Sports,control,1112.71
252,1917,584,2025-05-08 00:09:00,Sports,control,520.78
253,1920,585,2025-05-28 00:09:00,Sports,control,3560.81
254,1927,586,2025-09-10 00:09:00,Sports,variant,1395.12
255,1930,587,2025-07-23 00:09:00,Home & Kitchen,variant,614.15
256,1938,591,2025-07-31 00:09:00,Electronics,control,2978.06
257,1943,594,2025-08-26 00:09:00,Beauty,control,374.02
258,1947,595,2025-05-04 00:09:00,Books,variant,3396.71
259,1949,596,2025-07-01 00:09:00,Beauty,control,535.75
260,1951,597,2025-08-04 00:09:00,Sports,control,1370.48
261,1958,598,2025-07-31 00:09:00,Beauty,control,1379.95
262,1971,603,2025-07-30 00:09:00,Books,variant,1715.31
263,1974,604,2025-04-02 00:09:00,Books,variant,2001.39
264,1976,604,2025-04-30 00:09:00,Sports,variant,1057.83
265,1986,606,2025-07-19 00:09:00,Beauty,control,1254.44
266,1993,608,2025-07-06 00:09:00,Books,variant,1045.03
267,2011,613,2025-07-24 00:09:00,Fashion,variant,2702.77
268,2015,615,2025-07-26 00:09:00,Beauty,variant,1866.1
269,2016,615,2025-07-20 00:09:00,Home & Kitchen,variant,2645.04
270,2022,619,2025-04-10 00:09:00,Beauty,variant,1183.69
271,2030,622,2025-06-16 00:09:00,Beauty,control,1183.39
272,2036,623,2025-03-24 00:09:00,Home & Kitchen,variant,630.04
273,2042,625,2025-06-28 00:09:00,Beauty,control,2280.58
274,2046,626,2025-04-19 00:09:00,Beauty,variant,1551.01
275,2052,627,2025-05-03 00:09:00,Books,control,1423.17
276,2054,627,2025-05-13 00:09:00,Electronics,control,1083.23
277,2056,627,2025-08-01 00:09:00,Sports,control,1221.3
278,2060,629,2025-07-15 00:09:00,Sports,variant,1886.74
279,2069,632,2025-05-05 00:09:00,Fashion,control,2180.81
280,2070,632,2025-06-29 00:09:00,Books,control,943.55
281,2072,633,2025-05-18 00:09:00,Home & Kitchen,variant,2143.01
282,2078,634,2025-06-06 00:09:00,Books,variant,1463.07
283,2080,635,2025-04-03 00:09:00,Beauty,variant,1796.29
284,2082,635,2025-04-02 00:09:00,Sports,variant,1296.16
285,2086,638,2025-04-13 00:09:00,Sports,variant,1189.74
286,2088,638,2025-04-25 00:09:00,Beauty,variant,1291.66
287,2096,641,2025-07-29 00:09:00,Books,variant,639.23
288,2103,644,2025-06-01 00:09:00,Sports,variant,1136.17
289,2107,645,2025-07-17 00:09:00,Books,variant,417.64
290,2112,646,2025-05-06 00:09:00,Sports,control,2217.14
291,2118,648,2025-06-07 00:09:00,Electronics,variant,601.51
292,2121,648,2025-07-11 00:09:00,Electronics,variant,1962.36
293,2125,650,2025-08-17 00:09:00,Books,control,789.89
294,2127,651,2025-05-19 00:09:00,Books,variant,2925.57
295,2131,652,2025-07-31 00:09:00,Beauty,control,368.95
296,2134,652,2025-07-26 00:09:00,Home & Kitchen,control,1352.23
297,2135,653,2025-04-23 00:09:00,Books,variant,2984.45
298,2139,654,2025-07-24 00:09:00,Beauty,control,2006.21
299,2147,656,2025-07-19 00:09:00,Sports,control,1137.81
300,2157,660,2025-04-17 00:09:00,Books,control,3900.68
301,2161,661,2025-05-09 00:09:00,Home & Kitchen,control,1317.85
302,2164,662,2025-08-09 00:09:00,Home & Kitchen,variant,1291.08
303,2168,663,2025-05-24 00:09:00,Beauty,variant,2461.81
304,2173,664,2025-06-10 00:09:00,Sports,variant,1246.59
305,2175,665,2025-06-15 00:09:00,Beauty,control,1279.58
306,2187,669,2025-08-24 00:09:00,Electronics,control,1016.31
307,2190,670,2025-04-03 00:09:00,Electronics,control,1896.35
308,2198,674,2025-05-01 00:09:00,Sports,variant,2088.45
309,2202,675,2025-06-22 00:09:00,Home & Kitchen,variant,993.07
310,2203,676,2025-07-24 00:09:00,Fashion,variant,2761.52
311,2216,679,2025-07-01 00:09:00,Electronics,control,1016.67
312,2218,681,2025-07-26 00:09:00,Fashion,control,860.63
313,2222,682,2025-03-09 00:09:00,Books,variant,710.62
314,2232,685,2025-07-24 00:09:00,Books,variant,2567.43
315,2234,686,2025-08-05 00:09:00,Fashion,variant,773.99
316,2235,687,2025-05-28 00:09:00,Books,variant,3574.09
317,2237,688,2025-06-07 00:09:00,Books,variant,680.47
318,2245,692,2025-07-17 00:09:00,Home & Kitchen,variant,1327.14
319,2248,692,2025-07-02 00:09:00,Sports,variant,758.81
320,2254,693,2025-09-20 00:09:00,Electronics,control,1081.57
321,2281,700,2025-03-13 00:09:00,Fashion,variant,1414.26
322,2282,700,2025-06-18 00:09:00,Beauty,variant,3482.59
323,2290,702,2025-06-02 00:09:00,Sports,control,2258.44
324,2291,702,2025-06-17 00:09:00,Beauty,control,302.27
325,2300,706,2025-06-06 00:09:00,Books,variant,1370.42
326,2312,708,2025-06-18 00:09:00,Fashion,variant,1403.56
327,2315,709,2025-06-10 00:09:00,Electronics,variant,1113.07
328,2317,710,2025-05-30 00:09:00,Home & Kitchen,variant,1661.16
329,2319,712,2025-07-05 00:09:00,Electronics,control,4377.83
330,2324,714,2025-08-02 00:09:00,Sports,control,1018.73
331,2325,715,2025-08-07 00:09:00,Home & Kitchen,variant,1980.29
332,2334,718,2025-06-20 00:09:00,Fashion,variant,608.2
333,2351,723,2025-08-26 00:09:00,Beauty,control,396.26
334,2355,724,2025-06-03 00:09:00,Beauty,control,1332.0
335,2359,725,2025-07-23 00:09:00,Sports,variant,2213.23
336,2361,725,2025-07-30 00:09:00,Home & Kitchen,variant,1297.25
337,2366,727,2025-07-19 00:09:00,Fashion,variant,2135.19
338,2387,733,2025-09-02 00:09:00,Beauty,variant,2136.89
339,2388,734,2025-07-22 00:09:00,Beauty,variant,5737.24
340,2391,735,2025-04-28 00:09:00,Home & Kitchen,control,1845.27
341,2393,736,2025-07-21 00:09:00,Fashion,control,1362.8
342,2401,739,2025-07-19 00:09:00,Books,variant,1914.52
343,2402,739,2025-07-16 00:09:00,Sports,variant,951.35
344,2403,739,2025-07-12 00:09:00,Beauty,variant,2083.06
345,2406,740,2025-08-29 00:09:00,Home & Kitchen,control,1962.76
346,2408,741,2025-07-22 00:09:00,Fashion,variant,3079.81
347,2410,742,2025-07-11 00:09:00,Fashion,variant,821.28
348,2415,744,2025-04-20 00:09:00,Beauty,variant,1588.98
349,2416,744,2025-04-25 00:09:00,Electronics,variant,3561.71
350,2424,748,2025-04-09 00:09:00,Fashion,variant,1047.54
351,2433,750,2025-03-15 00:09:00,Beauty,control,230.03
352,2442,752,2025-04-01 00:09:00,Home & Kitchen,control,1539.25
353,2446,753,2025-04-04 00:09:00,Books,variant,1451.37
354,2447,754,2025-09-17 00:09:00,Fashion,control,1428.12
355,2449,755,2025-06-18 00:09:00,Beauty,variant,1722.66
356,2459,757,2025-07-31 00:09:00,Fashion,variant,2191.13
357,2460,757,2025-07-15 00:09:00,Sports,variant,6151.2
358,2464,758,2025-06-25 00:09:00,Electronics,control,1040.65
359,2470,761,2025-04-30 00:09:00,Fashion,control,938.13
360,2485,768,2025-05-07 00:09:00,Sports,control,2148.75
361,2487,769,2025-03-24 00:09:00,Fashion,variant,878.95
362,2515,778,2025-04-16 00:09:00,Fashion,control,1159.31
363,2527,782,2025-06-28 00:09:00,Fashion,variant,1240.38
364,2529,783,2025-03-15 00:09:00,Books,control,2957.62
365,2533,784,2025-04-13 00:09:00,Sports,control,3166.77
366,2544,787,2025-03-17 00:09:00,Home & Kitchen,variant,367.76
367,2547,787,2025-04-23 00:09:00,Sports,variant,441.62
368,2559,790,2025-03-18 00:09:00,Beauty,control,1480.54
369,2562,791,2025-04-15 00:09:00,Fashion,variant,2610.28
370,2570,793,2025-08-12 00:09:00,Fashion,variant,3659.79
371,2574,795,2025-05-27 00:09:00,Fashion,control,1541.04
372,2576,795,2025-06-17 00:09:00,Beauty,control,3138.33
373,2587,797,2025-09-08 00:09:00,Fashion,control,946.1
374,2589,799,2025-04-12 00:09:00,Sports,variant,1241.6
375,2597,802,2025-07-02 00:09:00,Electronics,control,1657.81
376,2599,803,2025-06-11 00:09:00,Books,variant,1148.46
377,2603,805,2025-07-29 00:09:00,Electronics,variant,3513.33
378,2607,807,2025-06-20 00:09:00,Sports,control,1167.17
379,2610,808,2025-03-26 00:09:00,Fashion,control,1766.93
380,2618,811,2025-03-11 00:09:00,Home & Kitchen,control,1056.37
381,2631,815,2025-08-01 00:09:00,Home & Kitchen,control,1089.76
382,2639,817,2025-04-13 00:09:00,Books,variant,792.3
383,2640,817,2025-04-11 00:09:00,Sports,variant,2443.81
384,2643,818,2025-03-13 00:09:00,Home & Kitchen,variant,2146.28
385,2645,818,2025-03-31 00:09:00,Fashion,variant,2251.07
386,2652,819,2025-06-28 00:09:00,Electronics,control,1114.18
387,2655,820,2025-09-16 00:09:00,Home & Kitchen,control,865.08
388,2656,820,2025-08-28 00:09:00,Beauty,control,1263.63
389,2673,824,2025-07-18 00:09:00,Sports,control,2008.77
390,2680,826,2025-06-01 00:09:00,Books,variant,796.37
391,2681,827,2025-07-22 00:09:00,Sports,variant,1351.49
392,2682,827,2025-07-08 00:09:00,Home & Kitchen,variant,2014.16
393,2695,831,2025-05-04 00:09:00,Home & Kitchen,variant,962.45
394,2699,831,2025-06-12 00:09:00,Books,variant,3918.12
395,2701,832,2025-04-11 00:09:00,Home & Kitchen,control,1902.08
396,2709,835,2025-08-29 00:09:00,Books,control,1409.75
397,2711,836,2025-07-28 00:09:00,Beauty,control,1174.43
398,2717,838,2025-04-03 00:09:00,Home & Kitchen,variant,2093.53
399,2733,844,2025-03-06 00:09:00,Books,variant,1009.01
400,2744,847,2025-05-15 00:09:00,Beauty,variant,2133.32
401,2750,849,2025-07-15 00:09:00,Home & Kitchen,variant,729.92
402,2755,851,2025-09-02 00:09:00,Books,control,1407.41
403,2763,856,2025-09-09 00:09:00,Sports,control,2349.66
404,2771,858,2025-04-29 00:09:00,Home & Kitchen,variant,953.7
405,2776,860,2025-07-29 00:09:00,Sports,control,955.43
406,2782,862,2025-09-07 00:09:00,Beauty,variant,1486.95
407,2791,864,2025-08-02 00:09:00,Electronics,control,1610.87
408,2793,865,2025-09-18 00:09:00,Books,variant,2596.54
409,2797,866,2025-08-04 00:09:00,Home & Kitchen,control,2107.91
410,2803,868,2025-09-01 00:09:00,Home & Kitchen,control,1299.7
411,2809,869,2025-06-30 00:09:00,Beauty,variant,1329.85
412,2820,872,2025-04-30 00:09:00,Electronics,control,2210.6
413,2827,873,2025-07-13 00:09:00,Sports,variant,697.48
414,2833,876,2025-07-13 00:09:00,Home & Kitchen,variant,846.63
415,2834,876,2025-06-29 00:09:00,Books,variant,1097.24
416,2837,877,2025-06-19 00:09:00,Home & Kitchen,control,525.66
417,2838,877,2025-06-14 00:09:00,Beauty,control,2513.25
418,2846,881,2025-03-20 00:09:00,Electronics,control,662.28
419,2847,881,2025-03-14 00:09:00,Beauty,control,4530.81
420,2850,882,2025-09-05 00:09:00,Beauty,variant,1974.92
421,2863,887,2025-03-27 00:09:00,Books,variant,1109.03
422,2879,889,2025-03-16 00:09:00,Home & Kitchen,control,1301.68
423,2896,895,2025-07-16 00:09:00,Fashion,variant,3294.24
424,2902,897,2025-06-29 00:09:00,Beauty,control,1202.57
425,2910,898,2025-07-01 00:09:00,Fashion,variant,1084.81
426,2911,899,2025-04-17 00:09:00,Electronics,control,1276.91
427,2913,899,2025-05-03 00:09:00,Electronics,control,1235.66
428,2915,900,2025-07-04 00:09:00,Sports,control,1537.52
429,2919,901,2025-03-26 00:09:00,Fashion,control,1234.07
430,2923,902,2025-04-04 00:09:00,Books,control,2996.78
431,2928,903,2025-05-06 00:09:00,Beauty,control,1411.9
432,2932,904,2025-08-20 00:09:00,Sports,control,876.33
433,2937,907,2025-05-31 00:09:00,Beauty,variant,602.99
434,2946,910,2025-04-10 00:09:00,Books,variant,705.19
435,2949,912,2025-04-22 00:09:00,Beauty,variant,2225.34
436,2957,914,2025-09-01 00:09:00,Books,variant,1962.78
437,2959,914,2025-08-14 00:09:00,Books,variant,1696.29
438,2971,918,2025-07-21 00:09:00,Sports,variant,2222.61
439,2973,919,2025-05-04 00:09:00,Beauty,variant,2236.27
440,2974,919,2025-05-10 00:09:00,Home & Kitchen,variant,1977.79
441,2984,924,2025-04-15 00:09:00,Sports,control,557.19
442,2985,924,2025-03-28 00:09:00,Sports,control,480.78
443,2989,926,2025-08-02 00:09:00,Home & Kitchen,control,1375.58
444,2997,928,2025-04-21 00:09:00,Electronics,variant,2709.55
445,3018,935,2025-05-27 00:09:00,Beauty,control,1352.65
446,3019,936,2025-08-21 00:09:00,Books,control,1427.61
447,3020,936,2025-08-26 00:09:00,Fashion,control,2102.37
448,3025,937,2025-04-17 00:09:00,Electronics,variant,230.88
449,3036,939,2025-06-08 00:09:00,Beauty,control,1428.3
450,3048,943,2025-08-28 00:09:00,Home & Kitchen,control,1289.27
451,3056,946,2025-04-03 00:09:00,Home & Kitchen,variant,1473.86
452,3060,947,2025-08-12 00:09:00,Home & Kitchen,variant,3591.47
453,3064,948,2025-03-27 00:09:00,Sports,variant,1170.23
454,3069,950,2025-04-19 00:09:00,Sports,control,2135.0
455,3072,950,2025-05-01 00:09:00,Beauty,control,1210.05
456,3076,951,2025-05-15 00:09:00,Beauty,control,902.47
457,3092,957,2025-05-07 00:09:00,Books,variant,1301.15
458,3093,957,2025-05-14 00:09:00,Fashion,variant,2837.65
459,3097,958,2025-07-06 00:09:00,Electronics,variant,2451.74
460,3098,959,2025-09-07 00:09:00,Electronics,control,1186.5
461,3107,962,2025-05-22 00:09:00,Electronics,control,695.4
462,3127,966,2025-06-17 00:09:00,Sports,control,2356.72
463,3130,968,2025-04-13 00:09:00,Books,variant,2287.63
464,3141,971,2025-05-14 00:09:00,Sports,variant,1433.36
465,3148,973,2025-06-09 00:09:00,Electronics,variant,688.43
466,3149,973,2025-06-13 00:09:00,Home & Kitchen,variant,2450.56
467,3166,979,2025-06-02 00:09:00,Electronics,variant,1583.15
468,3176,983,2025-06-15 00:09:00,Beauty,control,1550.99
469,3180,984,2025-06-22 00:09:00,Books,control,3344.95
470,3188,987,2025-07-02 00:09:00,Electronics,control,1592.38
471,3189,987,2025-07-21 00:09:00,Fashion,control,2349.62
472,3190,987,2025-08-10 00:09:00,Sports,control,2990.3
473,3193,988,2025-07-27 00:09:00,Fashion,variant,1118.36
474,3196,991,2025-06-05 00:09:00,Fashion,variant,828.53
475,3203,993,2025-05-10 00:09:00,Beauty,variant,1796.25
476,3212,994,2025-05-26 00:09:00,Electronics,control,4186.42
477,3217,997,2025-06-23 00:09:00,Fashion,control,1450.92
478,3227,999,2025-09-05 00:09:00,Books,variant,853.38
479,3237,1003,2025-07-06 00:09:00,Home & Kitchen,variant,933.02
480,3238,1003,2025-07-06 00:09:00,Electronics,variant,1225.18
481,3257,1007,2025-08-22 00:09:00,Books,variant,1444.19
482,3258,1007,2025-09-03 00:09:00,Electronics,variant,2108.72
483,3266,1011,2025-04-29 00:09:00,Beauty,variant,1911.41
484,3278,1017,2025-05-03 00:09:00,Fashion,variant,3112.44
485,3285,1019,2025-04-09 00:09:00,Books,control,1528.37
486,3288,1020,2025-05-05 00:09:00,Sports,variant,2026.31
487,3300,1021,2025-04-02 00:09:00,Fashion,control,3273.3
488,3311,1025,2025-07-31 00:09:00,Electronics,control,1669.3
489,3315,1026,2025-03-12 00:09:00,Sports,variant,297.96
490,3336,1033,2025-08-02 00:09:00,Home & Kitchen,variant,1363.73
491,3341,1035,2025-03-13 00:09:00,Fashion,variant,1483.64
492,3346,1035,2025-07-26 00:09:00,Home & Kitchen,variant,876.44
493,3351,1036,2025-07-10 00:09:00,Electronics,variant,581.92
494,3353,1038,2025-03-23 00:09:00,Home & Kitchen,control,662.48
495,3357,1039,2025-06-22 00:09:00,Sports,variant,3328.62
496,3377,1046,2025-04-02 00:09:00,Sports,variant,2176.35
497,3380,1047,2025-05-07 00:09:00,Beauty,variant,611.69
498,3390,1050,2025-04-05 00:09:00,Books,control,1199.23
499,3397,1052,2025-07-22 00:09:00,Electronics,control,235.06
500,3425,1060,2025-05-21 00:09:00,Fashion,control,1317.65
501,3427,1061,2025-07-30 00:09:00,Beauty,control,533.69
502,3434,1063,2025-04-10 00:09:00,Home & Kitchen,control,2857.73
503,3437,1063,2025-06-04 00:09:00,Sports,control,3501.91
504,3439,1063,2025-07-04 00:09:00,Fashion,control,3599.1
505,3449,1066,2025-06-01 00:09:00,Books,control,783.65
506,3457,1069,2025-05-12 00:09:00,Sports,control,592.99
507,3460,1069,2025-05-04 00:09:00,Beauty,control,1256.56
508,3462,1069,2025-06-08 00:09:00,Home & Kitchen,control,1234.39
509,3484,1077,2025-07-14 00:09:00,Fashion,control,333.48
510,3485,1078,2025-03-15 00:09:00,Home & Kitchen,variant,940.91
511,3491,1080,2025-09-04 00:09:00,Books,variant,1326.57
512,3497,1082,2025-08-20 00:09:00,Beauty,variant,534.1
513,3508,1085,2025-05-03 00:09:00,Home & Kitchen,control,781.29
514,3510,1086,2025-08-13 00:09:00,Electronics,variant,1704.94
515,3512,1086,2025-08-10 00:09:00,Sports,variant,1681.31
516,3532,1095,2025-04-23 00:09:00,Fashion,control,2564.19
517,3533,1096,2025-03-25 00:09:00,Beauty,variant,348.48
518,3534,1096,2025-03-29 00:09:00,Electronics,variant,1542.85
519,3537,1096,2025-03-19 00:09:00,Beauty,variant,2111.83
520,3541,1097,2025-08-27 00:09:00,Sports,control,3393.17
521,3556,1102,2025-06-03 00:09:00,Sports,control,1147.17
522,3567,1105,2025-04-20 00:09:00,Fashion,variant,1334.39
523,3568,1105,2025-04-09 00:09:00,Sports,variant,1136.59
524,3569,1105,2025-07-28 00:09:00,Home & Kitchen,variant,1462.23
525,3577,1107,2025-06-01 00:09:00,Electronics,variant,2660.33
526,3579,1108,2025-09-04 00:09:00,Electronics,control,2439.8
527,3582,1109,2025-08-09 00:09:00,Sports,control,864.99
528,3591,1112,2025-06-14 00:09:00,Beauty,variant,1383.3
529,3614,1118,2025-06-22 00:09:00,Beauty,control,1125.07
530,3623,1120,2025-05-14 00:09:00,Home & Kitchen,variant,1091.07
531,3629,1122,2025-03-24 00:09:00,Sports,variant,1999.34
532,3632,1123,2025-05-04 00:09:00,Beauty,variant,1151.06
533,3634,1124,2025-04-19 00:09:00,Beauty,control,2036.22
534,3639,1124,2025-05-12 00:09:00,Sports,control,1175.07
535,3640,1125,2025-08-01 00:09:00,Beauty,variant,1028.29
536,3648,1129,2025-07-05 00:09:00,Beauty,control,1351.57
537,3650,1130,2025-07-04 00:09:00,Home & Kitchen,variant,4575.75
538,3651,1130,2025-06-30 00:09:00,Sports,variant,801.8
539,3653,1131,2025-06-05 00:09:00,Home & Kitchen,control,932.04
540,3655,1133,2025-07-30 00:09:00,Books,control,455.63
541,3661,1135,2025-06-19 00:09:00,Home & Kitchen,variant,1002.96
542,3663,1136,2025-07-13 00:09:00,Beauty,variant,393.64
543,3670,1139,2025-07-20 00:09:00,Beauty,control,403.15
544,3674,1141,2025-08-29 00:09:00,Electronics,control,1795.15
545,3678,1143,2025-08-23 00:09:00,Home & Kitchen,variant,2182.3
546,3683,1145,2025-04-21 00:09:00,Beauty,control,3776.88
547,3686,1146,2025-05-30 00:09:00,Beauty,variant,820.1
548,3696,1149,2025-07-14 00:09:00,Fashion,control,797.07
549,3706,1152,2025-06-25 00:09:00,Sports,control,2745.11
550,3708,1153,2025-06-13 00:09:00,Beauty,control,1535.72
551,3721,1157,2025-05-29 00:09:00,Electronics,variant,840.07
552,3729,1159,2025-05-18 00:09:00,Beauty,control,2224.25
553,3740,1162,2025-04-30 00:09:00,Books,variant,1428.09
554,3744,1164,2025-07-05 00:09:00,Sports,variant,1400.85
555,3749,1165,2025-07-27 00:09:00,Electronics,variant,3231.76
556,3750,1166,2025-03-21 00:09:00,Home & Kitchen,variant,1867.08
557,3764,1172,2025-07-07 00:09:00,Electronics,variant,1902.1
558,3766,1172,2025-06-12 00:09:00,Sports,variant,2213.22
559,3768,1173,2025-06-05 00:09:00,Electronics,variant,1387.17
560,3770,1174,2025-05-03 00:09:00,Sports,variant,2191.11
561,3773,1175,2025-03-07 00:09:00,Books,variant,3324.51
562,3775,1177,2025-04-06 00:09:00,Books,control,1404.43
563,3779,1177,2025-05-11 00:09:00,Electronics,control,1761.09
564,3794,1180,2025-04-23 00:09:00,Fashion,variant,851.82
565,3804,1183,2025-07-30 00:09:00,Sports,variant,955.51
566,3812,1186,2025-07-28 00:09:00,Books,control,1270.34
567,3814,1187,2025-04-04 00:09:00,Sports,variant,1326.7
568,3829,1193,2025-05-02 00:09:00,Home & Kitchen,variant,498.13
569,3831,1193,2025-05-09 00:09:00,Home & Kitchen,variant,3442.75
570,3838,1195,2025-07-31 00:09:00,Books,variant,2270.26
571,3848,1200,2025-07-22 00:09:00,Electronics,control,1659.13
572,3849,1200,2025-07-05 00:09:00,Books,control,822.39
573,3854,1200,2025-07-02 00:09:00,Sports,control,1729.88
574,3855,1201,2025-08-14 00:09:00,Home & Kitchen,variant,1201.6
575,3862,1204,2025-08-08 00:09:00,Electronics,control,1990.81
576,3863,1205,2025-06-26 00:09:00,Books,control,668.08
577,3870,1207,2025-07-09 00:09:00,Beauty,variant,2842.72
578,3880,1210,2025-07-30 00:09:00,Home & Kitchen,control,283.19
579,3888,1212,2025-07-16 00:09:00,Home & Kitchen,variant,1316.11
580,3893,1214,2025-08-27 00:09:00,Electronics,control,2729.13
581,3895,1215,2025-04-08 00:09:00,Electronics,control,4889.3
582,3904,1217,2025-07-05 00:09:00,Sports,variant,817.43
583,3906,1217,2025-07-08 00:09:00,Books,variant,1304.79
584,3907,1218,2025-07-18 00:09:00,Sports,control,674.88
585,3921,1225,2025-05-19 00:09:00,Fashion,control,967.28
586,3925,1226,2025-08-11 00:09:00,Home & Kitchen,control,1616.65
587,3926,1226,2025-08-15 00:09:00,Home & Kitchen,control,586.92
588,3928,1227,2025-03-17 00:09:00,Home & Kitchen,control,3167.71
589,3935,1229,2025-03-19 00:09:00,Fashion,variant,1093.38
590,3939,1230,2025-04-29 00:09:00,Books,variant,1962.37
591,3940,1230,2025-04-22 00:09:00,Beauty,variant,3321.69
592,3946,1233,2025-08-13 00:09:00,Sports,control,645.49
593,3956,1235,2025-06-23 00:09:00,Fashion,variant,2077.49
594,3957,1235,2025-06-15 00:09:00,Fashion,variant,2328.09
595,3962,1236,2025-06-07 00:09:00,Books,variant,623.58
596,3969,1237,2025-06-23 00:09:00,Beauty,control,726.39
597,3971,1237,2025-06-19 00:09:00,Fashion,control,1636.89
598,3974,1238,2025-03-29 00:09:00,Beauty,variant,3141.65
599,3998,1248,2025-06-15 00:09:00,Beauty,control,2498.07
600,4013,1255,2025-07-05 00:09:00,Sports,control,904.71
601,4017,1256,2025-05-27 00:09:00,Beauty,control,2258.22
602,4022,1257,2025-05-27 00:09:00,Sports,control,759.22
603,4032,1259,2025-07-04 00:09:00,Sports,control,3234.56
604,4035,1259,2025-07-02 00:09:00,Electronics,control,1000.36
605,4046,1263,2025-05-21 00:09:00,Books,variant,1078.23
606,4048,1263,2025-05-28 00:09:00,Electronics,variant,523.73
607,4060,1267,2025-04-18 00:09:00,Books,variant,811.62
608,4066,1268,2025-05-22 00:09:00,Fashion,variant,1572.31
609,4068,1268,2025-07-19 00:09:00,Sports,variant,1004.35
610,4078,1270,2025-07-10 00:09:00,Fashion,control,502.53
611,4079,1270,2025-08-01 00:09:00,Electronics,control,1000.25
612,4083,1272,2025-03-22 00:09:00,Home & Kitchen,control,4203.4
613,4087,1273,2025-08-24 00:09:00,Sports,variant,3207.96
614,4089,1273,2025-08-22 00:09:00,Sports,variant,1864.5
615,4090,1274,2025-07-15 00:09:00,Beauty,control,1781.54
616,4093,1275,2025-07-21 00:09:00,Books,control,3098.12
617,4094,1275,2025-08-02 00:09:00,Electronics,control,1902.06
618,4134,1291,2025-04-25 00:09:00,Fashion,variant,1568.64
619,4136,1291,2025-05-06 00:09:00,Beauty,variant,2078.89
620,4141,1292,2025-09-03 00:09:00,Electronics,control,899.75
621,4155,1294,2025-06-28 00:09:00,Sports,variant,1588.27
622,4156,1294,2025-07-30 00:09:00,Beauty,variant,1746.42
623,4158,1295,2025-09-07 00:09:00,Sports,control,1319.7
624,4162,1296,2025-06-26 00:09:00,Electronics,variant,1634.35
625,4167,1298,2025-07-19 00:09:00,Fashion,variant,1162.49
626,4171,1299,2025-06-05 00:09:00,Beauty,variant,754.59
627,4181,1300,2025-08-18 00:09:00,Beauty,variant,1048.13
628,4184,1302,2025-06-11 00:09:00,Sports,variant,1674.11
629,4195,1305,2025-07-24 00:09:00,Electronics,variant,1561.37
630,4198,1306,2025-08-12 00:09:00,Electronics,variant,1678.6
631,4207,1311,2025-07-19 00:09:00,Home & Kitchen,control,1273.81
632,4210,1312,2025-06-06 00:09:00,Electronics,variant,430.23
633,4211,1312,2025-06-02 00:09:00,Books,variant,1971.53
634,4215,1314,2025-08-18 00:09:00,Sports,control,1429.76
635,4216,1314,2025-08-18 00:09:00,Beauty,control,1980.52
636,4232,1319,2025-07-03 00:09:00,Electronics,variant,1606.49
637,4238,1321,2025-06-28 00:09:00,Beauty,control,1051.49
638,4244,1323,2025-07-04 00:09:00,Home & Kitchen,variant,1491.26
639,4257,1328,2025-03-21 00:09:00,Electronics,control,4503.91
640,4267,1332,2025-07-27 00:09:00,Beauty,variant,2633.13
641,4270,1333,2025-05-16 00:09:00,Beauty,control,1769.68
642,4273,1333,2025-07-01 00:09:00,Electronics,control,5469.36
643,4277,1334,2025-07-26 00:09:00,Home & Kitchen,control,948.86
644,4278,1334,2025-08-07 00:09:00,Electronics,control,1268.17
645,4285,1338,2025-04-22 00:09:00,Beauty,control,1564.26
646,4287,1339,2025-08-01 00:09:00,Books,variant,794.01
647,4288,1339,2025-07-17 00:09:00,Fashion,variant,3964.13
648,4295,1341,2025-06-12 00:09:00,Sports,variant,4177.17
649,4298,1342,2025-03-18 00:09:00,Electronics,control,2208.13
650,4299,1342,2025-04-06 00:09:00,Fashion,control,385.05
651,4313,1348,2025-07-19 00:09:00,Home & Kitchen,control,551.22
652,4323,1351,2025-03-29 00:09:00,Home & Kitchen,control,1823.67
653,4324,1351,2025-03-16 00:09:00,Books,control,3219.48
654,4339,1355,2025-04-24 00:09:00,Home & Kitchen,control,1153.89
655,4342,1357,2025-06-15 00:09:00,Sports,variant,1933.73
656,4344,1357,2025-06-11 00:09:00,Fashion,variant,3001.38
657,4350,1359,2025-03-28 00:09:00,Books,control,907.46
658,4353,1359,2025-07-15 00:09:00,Sports,control,2848.12
659,4362,1360,2025-07-02 00:09:00,Home & Kitchen,control,1272.74
660,4365,1362,2025-03-23 00:09:00,Electronics,control,1368.05
661,4368,1362,2025-05-01 00:09:00,Electronics,control,1762.11
662,4372,1363,2025-06-02 00:09:00,Fashion,variant,758.06
663,4384,1369,2025-08-25 00:09:00,Electronics,variant,2010.89
664,4388,1369,2025-08-28 00:09:00,Sports,variant,998.25
665,4392,1370,2025-07-22 00:09:00,Fashion,variant,834.96
666,4395,1371,2025-08-22 00:09:00,Electronics,control,1220.67
667,4396,1372,2025-06-08 00:09:00,Electronics,control,704.89
668,4398,1373,2025-05-16 00:09:00,Electronics,control,779.67
669,4406,1376,2025-08-24 00:09:00,Home & Kitchen,control,2369.52
670,4425,1382,2025-07-09 00:09:00,Electronics,control,1916.97
671,4432,1384,2025-08-26 00:09:00,Fashion,variant,1372.55
672,4433,1384,2025-08-26 00:09:00,Home & Kitchen,variant,823.78
673,4448,1388,2025-06-28 00:09:00,Electronics,variant,2125.66
674,4452,1390,2025-09-08 00:09:00,Sports,control,2791.11
675,4454,1390,2025-08-24 00:09:00,Books,control,5605.15
676,4457,1391,2025-05-13 00:09:00,Electronics,control,2932.68
677,4460,1392,2025-07-30 00:09:00,Home & Kitchen,control,1159.78
678,4462,1392,2025-07-13 00:09:00,Home & Kitchen,control,738.04
679,4465,1394,2025-07-27 00:09:00,Electronics,control,1431.67
680,4468,1395,2025-05-06 00:09:00,Electronics,variant,2784.59
681,4478,1398,2025-08-05 00:09:00,Home & Kitchen,variant,1156.73
682,4481,1399,2025-03-31 00:09:00,Fashion,control,481.08
683,4494,1402,2025-05-13 00:09:00,Home & Kitchen,variant,1942.15
684,4495,1402,2025-05-10 00:09:00,Fashion,variant,1207.68
685,4499,1402,2025-06-07 00:09:00,Sports,variant,810.81
686,4519,1407,2025-06-03 00:09:00,Fashion,variant,2982.21
687,4523,1409,2025-05-01 00:09:00,Electronics,variant,848.99
688,4527,1410,2025-05-08 00:09:00,Books,control,1134.09
689,4531,1411,2025-06-08 00:09:00,Sports,control,1030.22
690,4535,1411,2025-06-15 00:09:00,Books,control,500.44
691,4546,1415,2025-06-21 00:09:00,Sports,variant,1348.28
692,4549,1415,2025-07-14 00:09:00,Electronics,variant,457.59
693,4559,1419,2025-08-30 00:09:00,Sports,variant,715.69
694,4560,1420,2025-05-18 00:09:00,Books,variant,809.24
695,4570,1423,2025-06-19 00:09:00,Books,variant,590.08
696,4581,1427,2025-07-28 00:09:00,Beauty,variant,1858.42
697,4589,1430,2025-08-02 00:09:00,Home & Kitchen,variant,1616.66
698,4602,1434,2025-07-07 00:09:00,Books,variant,1981.17
699,4604,1435,2025-05-08 00:09:00,Books,variant,520.53
700,4610,1436,2025-06-11 00:09:00,Fashion,variant,2483.53
701,4612,1437,2025-05-21 00:09:00,Books,control,2546.36
702,4623,1438,2025-06-29 00:09:00,Electronics,control,2710.06
703,4625,1439,2025-04-20 00:09:00,Beauty,variant,1503.83
704,4633,1442,2025-06-20 00:09:00,Sports,control,1438.55
705,4644,1446,2025-03-15 00:09:00,Electronics,control,1973.77
706,4645,1446,2025-03-13 00:09:00,Electronics,control,2912.47
707,4667,1454,2025-05-10 00:09:00,Sports,control,1426.79
708,4675,1457,2025-08-29 00:09:00,Electronics,control,1259.95
709,4686,1460,2025-07-05 00:09:00,Electronics,control,1692.69
710,4692,1461,2025-08-03 00:09:00,Home & Kitchen,control,1436.37
711,4693,1461,2025-08-03 00:09:00,Sports,control,431.08
712,4699,1463,2025-06-27 00:09:00,Fashion,variant,1298.46
713,4705,1464,2025-07-12 00:09:00,Home & Kitchen,control,1533.69
714,4714,1466,2025-04-27 00:09:00,Fashion,variant,1842.73
715,4715,1467,2025-06-26 00:09:00,Home & Kitchen,control,1878.94
716,4729,1469,2025-07-29 00:09:00,Books,variant,1632.71
717,4754,1478,2025-06-20 00:09:00,Home & Kitchen,variant,2271.48
718,4759,1479,2025-04-04 00:09:00,Beauty,variant,3836.19
719,4766,1480,2025-07-06 00:09:00,Sports,variant,1398.73
720,4771,1481,2025-08-14 00:09:00,Sports,variant,1865.1
721,4781,1483,2025-04-19 00:09:00,Books,control,3116.81
722,4789,1485,2025-05-17 00:09:00,Beauty,control,1385.58
723,4791,1485,2025-05-20 00:09:00,Books,control,1567.2
724,4796,1487,2025-03-07 00:09:00,Books,variant,415.11
725,4808,1491,2025-04-19 00:09:00,Beauty,control,1256.18
726,4814,1493,2025-03-24 00:09:00,Home & Kitchen,control,1738.65
727,4819,1495,2025-06-22 00:09:00,Home & Kitchen,variant,1671.52
728,4840,1501,2025-07-13 00:09:00,Books,variant,1450.17
729,4843,1502,2025-04-07 00:09:00,Beauty,variant,1158.63
730,4848,1503,2025-03-31 00:09:00,Electronics,control,1717.64
731,4853,1504,2025-07-09 00:09:00,Sports,variant,2836.3
732,4859,1506,2025-05-14 00:09:00,Books,control,1190.69
733,4870,1509,2025-08-27 00:09:00,Fashion,variant,749.45
734,4885,1515,2025-05-29 00:09:00,Electronics,control,2728.88
735,4896,1519,2025-05-28 00:09:00,Beauty,control,1786.83
736,4904,1522,2025-08-03 00:09:00,Sports,control,687.5
737,4905,1522,2025-08-04 00:09:00,Home & Kitchen,control,2113.3
738,4909,1523,2025-05-11 00:09:00,Beauty,variant,2290.75
739,4910,1523,2025-05-16 00:09:00,Beauty,variant,622.47
740,4913,1523,2025-07-25 00:09:00,Home & Kitchen,variant,1984.21
741,4917,1524,2025-04-11 00:09:00,Books,control,2528.37
742,4923,1525,2025-08-01 00:09:00,Books,variant,867.85
743,4929,1526,2025-03-30 00:09:00,Electronics,variant,1159.05
744,4931,1527,2025-05-12 00:09:00,Home & Kitchen,control,144.46
745,4943,1531,2025-03-22 00:09:00,Fashion,variant,2736.77
746,4944,1532,2025-04-21 00:09:00,Fashion,control,2435.06
747,4950,1532,2025-05-08 00:09:00,Beauty,control,1314.21
748,4953,1533,2025-08-23 00:09:00,Beauty,control,2008.34
749,4960,1537,2025-04-24 00:09:00,Sports,control,1179.78
750,4974,1539,2025-08-14 00:09:00,Fashion,variant,2774.84
751,4976,1540,2025-08-08 00:09:00,Fashion,variant,650.11
752,4985,1543,2025-04-04 00:09:00,Electronics,control,619.61
753,4996,1547,2025-07-15 00:09:00,Electronics,variant,1728.97
754,5005,1549,2025-06-30 00:09:00,Books,control,1553.96
755,5010,1551,2025-04-19 00:09:00,Sports,control,5659.65
756,5019,1555,2025-05-24 00:09:00,Home & Kitchen,variant,1914.4
757,5020,1555,2025-05-25 00:09:00,Books,variant,774.13
758,5021,1555,2025-06-17 00:09:00,Beauty,variant,1104.23
759,5022,1555,2025-06-30 00:09:00,Electronics,variant,952.91
760,5026,1556,2025-04-03 00:09:00,Sports,control,890.72
761,5031,1559,2025-08-28 00:09:00,Beauty,variant,1750.83
762,5033,1559,2025-08-16 00:09:00,Home & Kitchen,variant,1313.73
763,5034,1559,2025-08-25 00:09:00,Home & Kitchen,variant,1153.48
764,5045,1561,2025-06-08 00:09:00,Sports,variant,3264.84
765,5047,1562,2025-04-03 00:09:00,Beauty,variant,1615.51
766,5051,1563,2025-05-06 00:09:00,Books,control,176.15
767,5068,1568,2025-06-19 00:09:00,Books,variant,2664.06
768,5079,1570,2025-08-10 00:09:00,Fashion,variant,4721.59
769,5097,1576,2025-05-03 00:09:00,Sports,control,800.43
770,5105,1579,2025-04-08 00:09:00,Home & Kitchen,variant,2894.56
771,5107,1580,2025-06-22 00:09:00,Books,variant,694.37
772,5108,1580,2025-06-10 00:09:00,Home & Kitchen,variant,430.73
773,5111,1581,2025-04-19 00:09:00,Beauty,control,785.71
774,5114,1581,2025-06-29 00:09:00,Home & Kitchen,control,1375.03
775,5131,1585,2025-06-22 00:09:00,Books,variant,2150.12
776,5133,1585,2025-07-03 00:09:00,Home & Kitchen,variant,937.21
777,5151,1591,2025-07-12 00:09:00,Beauty,control,988.64
778,5157,1594,2025-04-01 00:09:00,Fashion,variant,1460.99
779,5163,1595,2025-08-09 00:09:00,Books,control,1286.63
780,5172,1599,2025-08-28 00:09:00,Electronics,variant,3492.51
781,5176,1600,2025-07-22 00:09:00,Sports,control,1843.29
782,5183,1602,2025-08-13 00:09:00,Beauty,control,1345.25
783,5190,1604,2025-05-30 00:09:00,Beauty,variant,2965.26
784,5198,1608,2025-07-06 00:09:00,Fashion,control,2857.04
785,5202,1609,2025-06-07 00:09:00,Books,control,1332.21
786,5214,1615,2025-03-19 00:09:00,Books,variant,2932.99
787,5222,1615,2025-06-17 00:09:00,Electronics,variant,2477.8
788,5233,1619,2025-03-31 00:09:00,Fashion,control,2290.6
789,5250,1622,2025-04-07 00:09:00,Beauty,control,795.24
790,5257,1624,2025-03-31 00:09:00,Electronics,variant,1363.35
791,5270,1628,2025-07-20 00:09:00,Home & Kitchen,variant,1596.91
792,5271,1629,2025-06-04 00:09:00,Home & Kitchen,control,1216.83
793,5277,1632,2025-08-28 00:09:00,Home & Kitchen,variant,1479.62
794,5284,1635,2025-05-30 00:09:00,Sports,control,1787.07
795,5302,1638,2025-07-02 00:09:00,Fashion,variant,434.03
796,5309,1639,2025-04-07 00:09:00,Beauty,variant,1484.04
797,5330,1645,2025-04-12 00:09:00,Sports,variant,2838.95
798,5342,1648,2025-07-03 00:09:00,Home & Kitchen,control,3029.13
799,5345,1648,2025-08-16 00:09:00,Home & Kitchen,control,444.03
800,5352,1650,2025-09-13 00:09:00,Sports,variant,3066.38
801,5359,1652,2025-07-28 00:09:00,Beauty,variant,749.07
802,5363,1653,2025-03-11 00:09:00,Electronics,variant,2201.05
803,5378,1658,2025-09-11 00:09:00,Home & Kitchen,variant,1751.93
804,5388,1661,2025-06-21 00:09:00,Home & Kitchen,variant,4094.52
805,5389,1661,2025-06-26 00:09:00,Beauty,variant,587.16
806,5399,1663,2025-05-12 00:09:00,Sports,control,5873.73
807,5402,1663,2025-08-17 00:09:00,Sports,control,2327.5
808,5404,1664,2025-06-25 00:09:00,Fashion,control,1855.46
809,5405,1664,2025-06-18 00:09:00,Books,control,933.16
810,5406,1664,2025-06-17 00:09:00,Beauty,control,930.57
811,5419,1669,2025-06-28 00:09:00,Sports,control,2931.76
812,5424,1671,2025-07-22 00:09:00,Books,control,1836.11
813,5427,1672,2025-07-09 00:09:00,Books,variant,451.86
814,5428,1672,2025-07-05 00:09:00,Sports,variant,1408.94
815,5432,1672,2025-07-26 00:09:00,Fashion,variant,3112.82
816,5433,1672,2025-07-31 00:09:00,Fashion,variant,548.86
817,5438,1675,2025-07-21 00:09:00,Fashion,control,2166.93
818,5440,1676,2025-08-16 00:09:00,Books,control,2030.63
819,5447,1678,2025-05-31 00:09:00,Home & Kitchen,variant,2732.28
820,5462,1682,2025-05-02 00:09:00,Beauty,control,1579.6
821,5464,1682,2025-06-09 00:09:00,Fashion,control,966.59
822,5494,1694,2025-06-02 00:09:00,Fashion,control,2646.86
823,5501,1696,2025-07-03 00:09:00,Home & Kitchen,variant,1532.35
824,5504,1697,2025-05-28 00:09:00,Electronics,variant,901.49
825,5510,1698,2025-07-05 00:09:00,Electronics,variant,1699.4
826,5544,1709,2025-05-12 00:09:00,Sports,control,3224.78
827,5547,1710,2025-05-10 00:09:00,Sports,variant,322.54
828,5548,1711,2025-05-30 00:09:00,Electronics,variant,1287.06
829,5553,1714,2025-07-28 00:09:00,Books,control,1626.66
830,5557,1715,2025-07-04 00:09:00,Beauty,variant,2406.57
831,5561,1717,2025-06-16 00:09:00,Fashion,control,1128.96
832,5563,1718,2025-08-02 00:09:00,Books,variant,2704.49
833,5564,1718,2025-08-12 00:09:00,Books,variant,1067.03
834,5570,1720,2025-06-16 00:09:00,Books,variant,1047.02
835,5572,1721,2025-03-29 00:09:00,Fashion,control,1204.13
836,5576,1723,2025-06-20 00:09:00,Beauty,variant,2230.66
837,5583,1725,2025-06-27 00:09:00,Electronics,control,1135.68
838,5593,1729,2025-06-07 00:09:00,Home & Kitchen,variant,1147.71
839,5599,1732,2025-08-05 00:09:00,Fashion,control,688.98
840,5603,1734,2025-09-02 00:09:00,Books,control,894.85
841,5610,1735,2025-08-28 00:09:00,Fashion,variant,1845.73
842,5611,1736,2025-08-05 00:09:00,Books,variant,1881.42
843,5619,1738,2025-08-21 00:09:00,Sports,variant,1445.13
844,5621,1740,2025-04-03 00:09:00,Sports,variant,1464.24
845,5630,1741,2025-07-21 00:09:00,Books,variant,821.23
846,5635,1743,2025-06-18 00:09:00,Beauty,variant,2174.44
847,5659,1753,2025-07-24 00:09:00,Sports,variant,1274.41
848,5664,1754,2025-05-10 00:09:00,Fashion,variant,1811.77
849,5681,1759,2025-06-21 00:09:00,Sports,control,2921.9
850,5710,1768,2025-06-04 00:09:00,Books,variant,2119.45
851,5712,1768,2025-05-29 00:09:00,Fashion,variant,1721.66
852,5716,1770,2025-06-10 00:09:00,Fashion,control,1505.52
853,5724,1772,2025-05-24 00:09:00,Electronics,variant,1113.06
854,5730,1774,2025-05-04 00:09:00,Fashion,variant,1111.04
855,5746,1779,2025-05-06 00:09:00,Beauty,control,978.13
856,5747,1780,2025-07-07 00:09:00,Beauty,variant,2711.67
857,5760,1784,2025-08-27 00:09:00,Home & Kitchen,variant,847.2
858,5772,1787,2025-05-27 00:09:00,Home & Kitchen,variant,1185.16
859,5773,1787,2025-05-22 00:09:00,Home & Kitchen,variant,1547.93
860,5781,1790,2025-08-20 00:09:00,Sports,control,3864.3
861,5786,1791,2025-06-19 00:09:00,Beauty,variant,660.65
862,5790,1793,2025-05-11 00:09:00,Sports,variant,698.06
863,5797,1794,2025-06-12 00:09:00,Sports,control,2639.27
864,5802,1795,2025-05-16 00:09:00,Home & Kitchen,variant,1985.49
865,5815,1801,2025-03-21 00:09:00,Electronics,variant,1713.82
866,5817,1802,2025-05-28 00:09:00,Sports,control,2322.75
867,5819,1803,2025-05-20 00:09:00,Sports,variant,858.62
868,5826,1805,2025-04-24 00:09:00,Books,variant,2338.99
869,5841,1808,2025-06-15 00:09:00,Books,variant,1976.81
870,5849,1810,2025-09-04 00:09:00,Home & Kitchen,variant,1200.6
871,5856,1813,2025-07-30 00:09:00,Home & Kitchen,variant,1517.45
872,5860,1814,2025-05-30 00:09:00,Fashion,variant,832.27
873,5863,1816,2025-03-10 00:09:00,Beauty,variant,2244.61
874,5888,1823,2025-05-08 00:09:00,Sports,variant,689.13
875,5902,1826,2025-09-03 00:09:00,Electronics,control,728.42
876,5917,1831,2025-05-31 00:09:00,Home & Kitchen,control,1147.24
877,5919,1833,2025-07-12 00:09:00,Home & Kitchen,variant,307.7
878,5925,1834,2025-07-05 00:09:00,Beauty,control,1566.32
879,5928,1835,2025-05-28 00:09:00,Books,control,1781.61
880,5929,1835,2025-06-01 00:09:00,Sports,control,2910.05
881,5931,1835,2025-05-12 00:09:00,Fashion,control,1286.73
882,5944,1836,2025-08-09 00:09:00,Beauty,variant,1654.39
883,5949,1838,2025-04-09 00:09:00,Electronics,variant,1504.22
884,5952,1838,2025-06-24 00:09:00,Sports,variant,2508.0
885,5962,1842,2025-06-30 00:09:00,Home & Kitchen,variant,3681.3
886,5963,1843,2025-07-23 00:09:00,Sports,variant,1690.69
887,5969,1845,2025-07-31 00:09:00,Books,control,1274.87
888,5972,1847,2025-05-27 00:09:00,Home & Kitchen,variant,1734.05
889,5991,1852,2025-06-05 00:09:00,Sports,control,1491.75
890,5993,1852,2025-06-10 00:09:00,Beauty,control,707.08
891,6007,1857,2025-07-09 00:09:00,Sports,control,1129.09
892,6013,1859,2025-06-28 00:09:00,Sports,variant,1935.96
893,6027,1866,2025-05-18 00:09:00,Fashion,variant,2396.7
894,6028,1867,2025-04-17 00:09:00,Beauty,control,4091.72
895,6029,1867,2025-04-06 00:09:00,Beauty,control,565.45
896,6056,1877,2025-04-27 00:09:00,Beauty,variant,1939.55
897,6057,1877,2025-05-20 00:09:00,Books,variant,618.22
898,6060,1878,2025-08-08 00:09:00,Fashion,control,3402.99
899,6064,1880,2025-03-26 00:09:00,Beauty,variant,347.95
900,6065,1880,2025-06-30 00:09:00,Sports,variant,1406.35
901,6068,1881,2025-05-19 00:09:00,Home & Kitchen,variant,2180.91
902,6069,1881,2025-05-06 00:09:00,Electronics,variant,463.03
903,6075,1884,2025-08-25 00:09:00,Electronics,variant,1840.26
904,6076,1884,2025-08-04 00:09:00,Beauty,variant,2971.29
905,6078,1884,2025-08-18 00:09:00,Books,variant,2601.54
906,6082,1886,2025-05-17 00:09:00,Sports,control,1660.76
907,6091,1889,2025-04-04 00:09:00,Electronics,variant,897.69
908,6099,1891,2025-05-16 00:09:00,Electronics,control,2055.64
909,6106,1894,2025-07-31 00:09:00,Fashion,variant,1804.55
910,6114,1897,2025-06-13 00:09:00,Fashion,control,2871.0
911,6115,1897,2025-06-26 00:09:00,Home & Kitchen,control,893.31
912,6127,1901,2025-07-12 00:09:00,Home & Kitchen,control,1897.62
913,6143,1904,2025-06-13 00:09:00,Home & Kitchen,control,2193.15
914,6150,1905,2025-04-24 00:09:00,Sports,control,460.59
915,6152,1907,2025-05-07 00:09:00,Sports,variant,1143.57
916,6153,1907,2025-05-06 00:09:00,Home & Kitchen,variant,2130.65
917,6159,1908,2025-05-11 00:09:00,Beauty,variant,999.25
918,6163,1910,2025-09-07 00:09:00,Electronics,variant,2934.65
919,6164,1910,2025-09-01 00:09:00,Electronics,variant,3068.42
920,6176,1914,2025-07-12 00:09:00,Home & Kitchen,control,1360.93
921,6186,1918,2025-06-01 00:09:00,Electronics,variant,346.49
922,6190,1919,2025-06-03 00:09:00,Books,variant,1387.17
923,6200,1921,2025-06-04 00:09:00,Sports,variant,1196.07
924,6205,1922,2025-07-28 00:09:00,Electronics,variant,3745.57
925,6210,1924,2025-06-05 00:09:00,Electronics,variant,1014.46
926,6214,1925,2025-07-21 00:09:00,Fashion,control,1261.54
927,6215,1925,2025-07-08 00:09:00,Sports,control,1315.43
928,6216,1925,2025-06-29 00:09:00,Fashion,control,1327.93
929,6228,1929,2025-06-16 00:09:00,Electronics,variant,777.53
930,6229,1930,2025-08-12 00:09:00,Beauty,variant,466.39
931,6230,1931,2025-03-31 00:09:00,Electronics,variant,1045.2
932,6239,1933,2025-08-14 00:09:00,Fashion,control,1747.88
933,6242,1934,2025-08-15 00:09:00,Books,variant,2592.27
934,6251,1937,2025-05-25 00:09:00,Books,variant,1253.62
935,6256,1937,2025-06-04 00:09:00,Fashion,variant,1414.89
936,6257,1938,2025-07-01 00:09:00,Sports,variant,961.06
937,6266,1940,2025-04-21 00:09:00,Home & Kitchen,variant,1905.43
938,6272,1942,2025-04-14 00:09:00,Home & Kitchen,control,1766.3
939,6278,1944,2025-03-25 00:09:00,Books,control,2925.6
940,6281,1945,2025-05-09 00:09:00,Sports,control,409.0
941,6288,1946,2025-06-19 00:09:00,Books,variant,1708.8
942,6292,1947,2025-08-01 00:09:00,Home & Kitchen,control,2362.46
943,6296,1949,2025-03-28 00:09:00,Electronics,variant,1323.0
944,6297,1949,2025-04-13 00:09:00,Home & Kitchen,variant,609.44
945,6310,1953,2025-03-12 00:09:00,Beauty,control,1161.42
946,6317,1954,2025-06-26 00:09:00,Home & Kitchen,variant,4166.69
947,6328,1958,2025-07-16 00:09:00,Fashion,control,2543.52
948,6336,1961,2025-08-20 00:09:00,Home & Kitchen,control,1662.7
949,6337,1961,2025-08-04 00:09:00,Electronics,control,1447.62
950,6344,1963,2025-05-18 00:09:00,Home & Kitchen,variant,916.89
951,6347,1964,2025-07-22 00:09:00,Sports,control,1672.32
952,6355,1967,2025-05-23 00:09:00,Home & Kitchen,variant,2990.72
953,6360,1969,2025-08-07 00:09:00,Beauty,variant,1522.49
954,6365,1970,2025-04-18 00:09:00,Electronics,control,3000.13
955,6367,1971,2025-08-13 00:09:00,Sports,variant,4773.88
956,6373,1973,2025-08-05 00:09:00,Fashion,variant,1061.54
957,6375,1973,2025-08-02 00:09:00,Books,variant,1083.96
958,6380,1975,2025-07-02 00:09:00,Books,control,819.0
959,6381,1975,2025-07-17 00:09:00,Beauty,control,1121.54
960,6385,1976,2025-03-31 00:09:00,Sports,control,1057.15
961,6389,1977,2025-08-29 00:09:00,Electronics,control,1132.37
962,6395,1979,2025-03-31 00:09:00,Electronics,control,487.41
963,6401,1979,2025-07-11 00:09:00,Sports,control,1251.67
964,6407,1981,2025-07-11 00:09:00,Fashion,variant,2990.59
965,6416,1984,2025-07-24 00:09:00,Books,control,1918.92
966,6418,1986,2025-07-21 00:09:00,Fashion,control,1215.93
967,6430,1992,2025-06-04 00:09:00,Home & Kitchen,control,1993.31
968,6432,1993,2025-05-03 00:09:00,Books,variant,2202.16
969,6437,1995,2025-07-04 00:09:00,Sports,control,1206.2
970,6438,1996,2025-03-17 00:09:00,Books,variant,2118.0
971,6441,1996,2025-03-29 00:09:00,Fashion,variant,197.62
972,6459,2000,2025-06-23 00:09:00,Home & Kitchen,variant,3456.08
973,6461,2001,2025-09-11 00:09:00,Sports,variant,1728.41
974,6476,2005,2025-08-06 00:09:00,Books,control,2340.64
975,6484,2008,2025-04-11 00:09:00,Beauty,variant,2436.56
976,6485,2008,2025-05-24 00:09:00,Sports,variant,5755.26
977,6486,2008,2025-06-10 00:09:00,Beauty,variant,4853.76
978,6487,2009,2025-07-10 00:09:00,Books,variant,1240.34
979,6489,2009,2025-07-09 00:09:00,Sports,variant,1964.82
980,6513,2019,2025-08-14 00:09:00,Books,variant,2660.92
981,6514,2019,2025-08-10 00:09:00,Beauty,variant,2142.62
982,6526,2021,2025-04-11 00:09:00,Sports,control,641.36
983,6535,2025,2025-03-27 00:09:00,Fashion,variant,1577.15
984,6540,2026,2025-06-04 00:09:00,Sports,variant,3366.78
985,6544,2028,2025-09-01 00:09:00,Beauty,control,1232.35
986,6551,2030,2025-05-29 00:09:00,Fashion,variant,1511.0
987,6556,2031,2025-07-28 00:09:00,Books,control,1180.08
988,6560,2032,2025-05-12 00:09:00,Sports,variant,1925.13
989,6565,2033,2025-05-22 00:09:00,Beauty,variant,2186.47
990,6570,2035,2025-08-29 00:09:00,Home & Kitchen,control,691.43
991,6579,2038,2025-03-24 00:09:00,Books,variant,1896.9
992,6585,2040,2025-05-07 00:09:00,Electronics,variant,829.18
993,6600,2045,2025-04-25 00:09:00,Home & Kitchen,control,588.65
994,6601,2045,2025-05-06 00:09:00,Fashion,control,2828.68
995,6604,2045,2025-07-20 00:09:00,Home & Kitchen,control,2352.79
996,6612,2048,2025-07-16 00:09:00,Home & Kitchen,control,1076.23
997,6619,2051,2025-04-24 00:09:00,Beauty,variant,2733.59
998,6645,2063,2025-04-05 00:09:00,Sports,variant,457.13
999,6648,2063,2025-03-21 00:09:00,Books,variant,854.02
1000,6655,2066,2025-06-10 00:09:00,Fashion,control,981.37
1001,6667,2070,2025-05-30 00:09:00,Home & Kitchen,variant,1703.06
1002,6671,2071,2025-04-12 00:09:00,Beauty,variant,4504.71
1003,6673,2072,2025-07-01 00:09:00,Books,control,643.33
1004,6677,2073,2025-06-04 00:09:00,Fashion,control,817.33
1005,6685,2076,2025-05-05 00:09:00,Sports,variant,2413.37
1006,6696,2078,2025-06-04 00:09:00,Home & Kitchen,variant,1467.02
1007,6698,2079,2025-05-02 00:09:00,Beauty,control,2155.14
1008,6704,2081,2025-07-26 00:09:00,Electronics,variant,1784.8
1009,6709,2082,2025-05-16 00:09:00,Books,variant,2003.96
1010,6710,2083,2025-04-29 00:09:00,Fashion,control,372.33
1011,6716,2084,2025-08-16 00:09:00,Home & Kitchen,variant,1413.79
1012,6726,2086,2025-06-28 00:09:00,Beauty,variant,3124.09
1013,6730,2088,2025-06-19 00:09:00,Books,control,4470.42
1014,6732,2090,2025-04-15 00:09:00,Electronics,variant,2013.83
1015,6736,2091,2025-08-08 00:09:00,Home & Kitchen,variant,4364.29
1016,6737,2091,2025-08-23 00:09:00,Electronics,variant,1912.41
1017,6739,2092,2025-05-24 00:09:00,Home & Kitchen,control,1898.0
1018,6741,2092,2025-05-31 00:09:00,Fashion,control,2007.42
1019,6766,2101,2025-08-23 00:09:00,Beauty,control,966.39
1020,6771,2102,2025-08-14 00:09:00,Fashion,control,1027.82
1021,6774,2103,2025-05-09 00:09:00,Electronics,control,865.26
1022,6775,2103,2025-07-07 00:09:00,Electronics,control,922.56
1023,6777,2103,2025-06-21 00:09:00,Sports,control,637.4
1024,6786,2105,2025-09-13 00:09:00,Sports,variant,3003.47
1025,6794,2107,2025-07-10 00:09:00,Fashion,variant,1818.88
1026,6818,2112,2025-07-13 00:09:00,Sports,control,950.22
1027,6819,2112,2025-07-25 00:09:00,Books,control,1340.69
1028,6826,2115,2025-07-11 00:09:00,Electronics,variant,1726.42
1029,6842,2120,2025-07-26 00:09:00,Fashion,control,3122.46
1030,6845,2122,2025-09-09 00:09:00,Electronics,variant,662.2
1031,6854,2124,2025-07-26 00:09:00,Electronics,variant,2159.3
1032,6869,2128,2025-06-23 00:09:00,Books,variant,1405.02
1033,6872,2128,2025-07-08 00:09:00,Beauty,variant,821.89
1034,6879,2130,2025-04-27 00:09:00,Electronics,variant,1408.24
1035,6880,2130,2025-04-17 00:09:00,Beauty,variant,2391.65
1036,6890,2133,2025-07-05 00:09:00,Sports,control,2389.72
1037,6906,2138,2025-03-21 00:09:00,Fashion,variant,843.04
1038,6913,2139,2025-07-26 00:09:00,Beauty,variant,1509.45
1039,6922,2142,2025-08-06 00:09:00,Beauty,variant,1510.55
1040,6926,2143,2025-08-20 00:09:00,Electronics,variant,616.28
1041,6929,2145,2025-05-19 00:09:00,Fashion,control,1186.88
1042,6944,2148,2025-08-29 00:09:00,Home & Kitchen,variant,1333.61
1043,6945,2149,2025-08-21 00:09:00,Electronics,control,3951.23
1044,6948,2150,2025-09-06 00:09:00,Fashion,variant,2077.17
1045,6951,2151,2025-04-01 00:09:00,Books,control,1568.16
1046,6956,2154,2025-06-26 00:09:00,Sports,variant,2152.24
1047,6960,2154,2025-07-19 00:09:00,Books,variant,1187.21
1048,6975,2159,2025-08-02 00:09:00,Sports,control,1974.86
1049,6978,2160,2025-05-27 00:09:00,Home & Kitchen,variant,730.58
1050,6982,2162,2025-04-27 00:09:00,Electronics,variant,1008.86
1051,6985,2163,2025-05-27 00:09:00,Books,control,1112.24
1052,6991,2165,2025-08-08 00:09:00,Books,control,385.44
1053,6997,2167,2025-05-11 00:09:00,Sports,control,2540.13
1054,7003,2169,2025-09-11 00:09:00,Electronics,control,2515.93
1055,7005,2169,2025-08-31 00:09:00,Home & Kitchen,control,842.09
1056,7012,2172,2025-07-28 00:09:00,Sports,variant,537.88
1057,7013,2172,2025-07-25 00:09:00,Sports,variant,2017.95
1058,7029,2178,2025-06-05 00:09:00,Electronics,variant,899.65
1059,7035,2179,2025-06-22 00:09:00,Sports,control,2221.78
1060,7037,2180,2025-06-04 00:09:00,Sports,control,2014.11
1061,7041,2182,2025-05-02 00:09:00,Home & Kitchen,variant,2796.12
1062,7046,2184,2025-06-29 00:09:00,Books,variant,1006.66
1063,7049,2184,2025-07-20 00:09:00,Home & Kitchen,variant,1151.36
1064,7051,2184,2025-07-30 00:09:00,Books,variant,900.86
1065,7058,2187,2025-04-29 00:09:00,Fashion,control,415.99
1066,7059,2187,2025-04-30 00:09:00,Electronics,control,1451.86
1067,7067,2189,2025-05-03 00:09:00,Books,control,3135.86
1068,7074,2190,2025-06-17 00:09:00,Fashion,control,1413.78
1069,7077,2191,2025-06-14 00:09:00,Books,variant,906.26
1070,7080,2192,2025-05-27 00:09:00,Electronics,control,176.8
1071,7082,2192,2025-05-10 00:09:00,Books,control,977.79
1072,7092,2195,2025-06-10 00:09:00,Sports,control,1157.74
1073,7093,2195,2025-06-26 00:09:00,Beauty,control,1997.04
1074,7095,2196,2025-07-15 00:09:00,Fashion,control,2427.64
1075,7102,2199,2025-06-15 00:09:00,Books,variant,489.0
1076,7123,2205,2025-05-03 00:09:00,Books,variant,1088.36
1077,7124,2205,2025-05-02 00:09:00,Beauty,variant,1714.73
1078,7132,2207,2025-07-15 00:09:00,Electronics,control,2505.45
1079,7133,2207,2025-07-03 00:09:00,Sports,control,1056.81
1080,7136,2208,2025-09-02 00:09:00,Sports,control,2660.11
1081,7139,2209,2025-04-16 00:09:00,Home & Kitchen,control,1782.89
1082,7142,2210,2025-04-13 00:09:00,Home & Kitchen,control,1516.25
1083,7143,2210,2025-04-10 00:09:00,Sports,control,1035.91
1084,7146,2211,2025-07-11 00:09:00,Sports,variant,1856.33
1085,7152,2213,2025-06-15 00:09:00,Books,variant,393.53
1086,7166,2217,2025-05-30 00:09:00,Home & Kitchen,control,1401.76
1087,7177,2219,2025-05-03 00:09:00,Beauty,variant,2256.04
1088,7178,2220,2025-05-13 00:09:00,Sports,variant,1654.39
1089,7190,2225,2025-05-15 00:09:00,Beauty,control,1559.09
1090,7195,2228,2025-08-27 00:09:00,Books,variant,1022.95
1091,7200,2229,2025-05-14 00:09:00,Sports,variant,1714.16
1092,7201,2230,2025-08-25 00:09:00,Home & Kitchen,variant,2357.04
1093,7207,2232,2025-03-29 00:09:00,Electronics,variant,1565.09
1094,7210,2232,2025-05-25 00:09:00,Electronics,variant,2238.57
1095,7212,2233,2025-08-28 00:09:00,Electronics,control,178.16
1096,7216,2234,2025-03-14 00:09:00,Fashion,control,345.18
1097,7223,2236,2025-07-28 00:09:00,Sports,variant,1589.04
1098,7224,2237,2025-05-16 00:09:00,Fashion,variant,1982.34
1099,7229,2240,2025-08-12 00:09:00,Books,variant,2734.06
1100,7230,2240,2025-08-28 00:09:00,Fashion,variant,2517.33
1101,7241,2242,2025-06-20 00:09:00,Fashion,control,4243.99
1102,7247,2244,2025-03-13 00:09:00,Books,variant,3325.03
1103,7254,2247,2025-07-11 00:09:00,Home & Kitchen,variant,1041.67
1104,7256,2248,2025-04-14 00:09:00,Beauty,variant,1560.04
1105,7259,2248,2025-05-13 00:09:00,Home & Kitchen,variant,632.17
1106,7261,2249,2025-03-03 00:09:00,Fashion,variant,644.24
1107,7262,2249,2025-04-11 00:09:00,Books,variant,819.92
1108,7266,2250,2025-05-06 00:09:00,Sports,control,986.12
1109,7273,2252,2025-06-17 00:09:00,Fashion,control,573.36
1110,7275,2253,2025-05-02 00:09:00,Home & Kitchen,variant,1780.29
1111,7281,2256,2025-07-07 00:09:00,Fashion,variant,967.19
1112,7284,2257,2025-07-22 00:09:00,Electronics,variant,2034.73
1113,7287,2259,2025-04-04 00:09:00,Electronics,control,1247.14
1114,7290,2260,2025-08-29 00:09:00,Beauty,variant,807.95
1115,7301,2263,2025-03-21 00:09:00,Sports,control,1819.0
1116,7305,2264,2025-07-12 00:09:00,Home & Kitchen,control,5399.2
1117,7311,2265,2025-05-01 00:09:00,Books,variant,1120.09
1118,7331,2270,2025-08-29 00:09:00,Fashion,control,2484.01
1119,7342,2274,2025-05-27 00:09:00,Books,control,423.55
1120,7346,2274,2025-07-18 00:09:00,Sports,control,1324.79
1121,7351,2275,2025-05-29 00:09:00,Beauty,variant,1469.04
1122,7359,2277,2025-04-12 00:09:00,Electronics,variant,2806.75
1123,7360,2278,2025-03-27 00:09:00,Sports,variant,2660.74
1124,7367,2280,2025-07-31 00:09:00,Books,variant,1093.42
1125,7390,2288,2025-07-22 00:09:00,Beauty,variant,2742.8
1126,7391,2288,2025-07-12 00:09:00,Books,variant,844.31
1127,7403,2291,2025-06-06 00:09:00,Books,variant,1489.45
1128,7404,2291,2025-05-13 00:09:00,Fashion,variant,3947.53
1129,7405,2292,2025-04-22 00:09:00,Beauty,variant,945.72
1130,7414,2294,2025-08-14 00:09:00,Books,variant,2404.45
1131,7415,2295,2025-07-08 00:09:00,Beauty,variant,933.5
1132,7421,2297,2025-04-19 00:09:00,Sports,variant,2286.66
1133,7442,2302,2025-03-08 00:09:00,Beauty,control,1686.36
1134,7464,2311,2025-05-09 00:09:00,Fashion,variant,1270.45
1135,7466,2313,2025-06-10 00:09:00,Fashion,control,584.02
1136,7468,2314,2025-03-11 00:09:00,Electronics,control,1136.93
1137,7478,2316,2025-03-05 00:09:00,Home & Kitchen,control,2051.95
1138,7479,2316,2025-03-14 00:09:00,Electronics,control,5248.36
1139,7483,2316,2025-05-24 00:09:00,Fashion,control,2017.95
1140,7484,2316,2025-06-14 00:09:00,Beauty,control,2849.19
1141,7487,2317,2025-07-14 00:09:00,Books,variant,1262.38
1142,7502,2322,2025-04-24 00:09:00,Beauty,control,1323.18
1143,7512,2326,2025-07-10 00:09:00,Electronics,control,1370.38
1144,7516,2327,2025-05-02 00:09:00,Fashion,variant,4380.34
1145,7523,2329,2025-05-07 00:09:00,Fashion,control,1206.43
1146,7524,2330,2025-04-11 00:09:00,Sports,variant,758.36
1147,7533,2333,2025-07-31 00:09:00,Electronics,variant,527.66
1148,7553,2339,2025-04-26 00:09:00,Home & Kitchen,variant,949.26
1149,7560,2342,2025-06-19 00:09:00,Sports,variant,503.2
1150,7564,2342,2025-05-29 00:09:00,Sports,variant,1914.71
1151,7566,2343,2025-06-28 00:09:00,Home & Kitchen,control,1507.13
1152,7568,2343,2025-06-27 00:09:00,Beauty,control,2108.36
1153,7569,2343,2025-08-10 00:09:00,Sports,control,2723.82
1154,7572,2344,2025-07-17 00:09:00,Books,variant,888.5
1155,7573,2344,2025-07-30 00:09:00,Sports,variant,1695.53
1156,7577,2346,2025-04-28 00:09:00,Electronics,control,1491.46
1157,7608,2354,2025-06-09 00:09:00,Fashion,variant,963.78
1158,7628,2358,2025-04-08 00:09:00,Electronics,control,946.25
1159,7631,2360,2025-04-17 00:09:00,Books,variant,2695.52
1160,7637,2361,2025-08-02 00:09:00,Sports,control,1611.04
1161,7641,2362,2025-08-14 00:09:00,Beauty,variant,626.03
1162,7652,2366,2025-04-02 00:09:00,Electronics,variant,2217.21
1163,7654,2367,2025-06-07 00:09:00,Beauty,variant,1041.45
1164,7660,2369,2025-03-23 00:09:00,Home & Kitchen,variant,1628.82
1165,7670,2373,2025-07-17 00:09:00,Fashion,control,287.59
1166,7672,2374,2025-05-20 00:09:00,Beauty,control,1043.5
1167,7675,2374,2025-06-15 00:09:00,Books,control,1906.13
1168,7682,2377,2025-08-27 00:09:00,Books,control,767.27
1169,7686,2378,2025-03-25 00:09:00,Home & Kitchen,variant,525.6
1170,7687,2378,2025-04-12 00:09:00,Electronics,variant,1029.39
1171,7689,2378,2025-07-14 00:09:00,Home & Kitchen,variant,1837.26
1172,7709,2384,2025-05-12 00:09:00,Home & Kitchen,control,2574.08
1173,7711,2384,2025-05-23 00:09:00,Electronics,control,2424.5
1174,7712,2385,2025-05-01 00:09:00,Books,variant,2257.81
1175,7714,2386,2025-08-27 00:09:00,Sports,control,3214.31
1176,7719,2388,2025-08-28 00:09:00,Sports,variant,2648.55
1177,7720,2388,2025-09-03 00:09:00,Sports,variant,1962.55
1178,7731,2392,2025-04-27 00:09:00,Books,variant,1655.77
1179,7732,2392,2025-04-11 00:09:00,Beauty,variant,1510.39
1180,7734,2393,2025-07-09 00:09:00,Electronics,variant,1155.77
1181,7750,2398,2025-05-17 00:09:00,Fashion,control,1382.83
1182,7755,2399,2025-06-02 00:09:00,Sports,control,921.3
1183,7759,2400,2025-08-01 00:09:00,Electronics,variant,2205.48
1184,7763,2401,2025-05-05 00:09:00,Books,variant,677.15
1185,7764,2402,2025-07-08 00:09:00,Beauty,variant,2283.25
1186,7765,2402,2025-07-06 00:09:00,Home & Kitchen,variant,5031.4
1187,7767,2403,2025-07-12 00:09:00,Fashion,variant,555.55
1188,7772,2405,2025-05-22 00:09:00,Beauty,variant,2192.18
1189,7779,2409,2025-05-18 00:09:00,Electronics,variant,1105.99
1190,7781,2409,2025-05-18 00:09:00,Books,variant,2680.68
1191,7787,2412,2025-03-25 00:09:00,Home & Kitchen,variant,1759.54
1192,7790,2413,2025-07-31 00:09:00,Sports,variant,635.16
1193,7794,2415,2025-05-21 00:09:00,Home & Kitchen,variant,1530.33
1194,7796,2415,2025-07-12 00:09:00,Beauty,variant,1764.76
1195,7798,2416,2025-05-25 00:09:00,Beauty,variant,1234.5
1196,7811,2420,2025-05-16 00:09:00,Beauty,control,1619.79
1197,7823,2424,2025-07-18 00:09:00,Beauty,control,1193.9
1198,7827,2426,2025-07-15 00:09:00,Home & Kitchen,control,1221.89
1199,7829,2427,2025-04-02 00:09:00,Beauty,variant,321.29
1200,7839,2430,2025-04-21 00:09:00,Books,control,486.04
1201,7844,2431,2025-04-05 00:09:00,Electronics,control,522.0
1202,7847,2432,2025-06-20 00:09:00,Home & Kitchen,variant,895.85
1203,7850,2433,2025-03-21 00:09:00,Beauty,control,490.79
1204,7858,2436,2025-06-26 00:09:00,Fashion,variant,654.02
1205,7863,2437,2025-06-25 00:09:00,Fashion,control,1648.92
1206,7865,2438,2025-07-10 00:09:00,Books,control,2101.61
1207,7866,2438,2025-07-28 00:09:00,Fashion,control,1244.94
1208,7867,2438,2025-07-31 00:09:00,Home & Kitchen,control,1616.11
1209,7870,2439,2025-08-26 00:09:00,Electronics,variant,1687.74
1210,7877,2440,2025-05-10 00:09:00,Beauty,control,3974.82
1211,7885,2442,2025-04-15 00:09:00,Electronics,variant,480.76
1212,7888,2442,2025-05-04 00:09:00,Beauty,variant,1324.57
1213,7901,2445,2025-06-13 00:09:00,Sports,control,506.34
1214,7913,2449,2025-07-23 00:09:00,Electronics,variant,1637.9
1215,7927,2454,2025-06-03 00:09:00,Electronics,variant,675.45
1216,7940,2459,2025-07-03 00:09:00,Home & Kitchen,variant,1055.04
1217,7945,2460,2025-03-25 00:09:00,Home & Kitchen,control,474.41
1218,7949,2462,2025-04-30 00:09:00,Electronics,control,1201.27
1219,7954,2463,2025-06-16 00:09:00,Electronics,control,1257.39
1220,7957,2463,2025-06-24 00:09:00,Electronics,control,1233.43
1221,7967,2466,2025-07-07 00:09:00,Electronics,variant,2224.88
1222,7982,2471,2025-08-19 00:09:00,Books,variant,1540.89
1223,7984,2471,2025-08-16 00:09:00,Sports,variant,905.51
1224,7988,2472,2025-04-07 00:09:00,Beauty,control,1399.52
1225,7990,2473,2025-05-25 00:09:00,Home & Kitchen,control,962.7
1226,7992,2474,2025-05-19 00:09:00,Electronics,control,655.55
1227,7994,2474,2025-04-29 00:09:00,Electronics,control,929.71
1228,7996,2475,2025-03-30 00:09:00,Fashion,variant,767.18
1229,7997,2475,2025-04-29 00:09:00,Sports,variant,2135.86
1230,7999,2476,2025-05-31 00:09:00,Home & Kitchen,variant,2850.8
1231,8003,2477,2025-06-17 00:09:00,Home & Kitchen,variant,1417.96
1232,8018,2482,2025-08-26 00:09:00,Fashion,variant,739.63
1233,8025,2484,2025-04-21 00:09:00,Sports,variant,3220.51
1234,8027,2484,2025-05-12 00:09:00,Books,variant,4817.42
1235,8043,2488,2025-06-02 00:09:00,Beauty,control,393.0
1236,8044,2488,2025-05-24 00:09:00,Sports,control,1286.79
1237,8048,2490,2025-05-30 00:09:00,Books,control,833.64
1238,8062,2495,2025-05-31 00:09:00,Books,variant,508.46
1239,8089,2504,2025-04-12 00:09:00,Electronics,variant,1756.72
1240,8099,2508,2025-06-28 00:09:00,Sports,variant,746.87
1241,8102,2509,2025-05-30 00:09:00,Beauty,variant,703.5
1242,8107,2509,2025-06-30 00:09:00,Electronics,variant,2583.22
1243,8108,2510,2025-03-09 00:09:00,Fashion,variant,1337.52
1244,8109,2510,2025-03-17 00:09:00,Home & Kitchen,variant,2222.49
1245,8111,2511,2025-05-02 00:09:00,Home & Kitchen,control,2867.72
1246,8117,2513,2025-08-18 00:09:00,Electronics,control,4896.85
1247,8125,2516,2025-07-25 00:09:00,Sports,variant,1420.13
1248,8129,2518,2025-06-14 00:09:00,Books,control,3074.38
1249,8130,2518,2025-07-01 00:09:00,Books,control,2074.1
1250,8136,2520,2025-07-31 00:09:00,Sports,control,1659.96
1251,8137,2520,2025-08-01 00:09:00,Books,control,1627.21
1252,8139,2520,2025-08-14 00:09:00,Sports,control,1767.72
1253,8148,2522,2025-03-21 00:09:00,Home & Kitchen,variant,1391.52
1254,8150,2523,2025-04-06 00:09:00,Fashion,variant,525.88
1255,8151,2523,2025-04-19 00:09:00,Beauty,variant,835.94
1256,8155,2524,2025-06-08 00:09:00,Beauty,control,289.17
1257,8158,2525,2025-03-25 00:09:00,Electronics,variant,1959.08
1258,8172,2532,2025-07-05 00:09:00,Books,variant,498.12
1259,8183,2536,2025-09-14 00:09:00,Electronics,variant,689.35
1260,8195,2541,2025-04-29 00:09:00,Home & Kitchen,control,803.29
1261,8196,2541,2025-05-01 00:09:00,Books,control,1422.47
1262,8198,2541,2025-05-09 00:09:00,Books,control,2020.94
1263,8199,2541,2025-05-16 00:09:00,Home & Kitchen,control,1771.23
1264,8202,2542,2025-09-04 00:09:00,Electronics,variant,2388.08
1265,8203,2542,2025-09-10 00:09:00,Fashion,variant,2562.99
1266,8204,2543,2025-08-10 00:09:00,Sports,control,1860.46
1267,8206,2543,2025-09-01 00:09:00,Beauty,control,1107.51
1268,8207,2543,2025-08-17 00:09:00,Books,control,489.1
1269,8211,2544,2025-06-23 00:09:00,Electronics,variant,1001.84
1270,8212,2544,2025-06-21 00:09:00,Electronics,variant,791.24
1271,8224,2548,2025-06-21 00:09:00,Electronics,control,1487.77
1272,8226,2549,2025-05-30 00:09:00,Beauty,control,2405.14
1273,8231,2551,2025-06-24 00:09:00,Sports,variant,981.69
1274,8240,2553,2025-04-16 00:09:00,Beauty,variant,4597.21
1275,8261,2560,2025-06-21 00:09:00,Home & Kitchen,control,780.98
1276,8274,2564,2025-06-20 00:09:00,Beauty,variant,1224.23
1277,8284,2566,2025-06-24 00:09:00,Home & Kitchen,control,735.93
1278,8285,2566,2025-06-07 00:09:00,Electronics,control,887.77
1279,8287,2568,2025-06-20 00:09:00,Home & Kitchen,control,1616.17
1280,8298,2572,2025-09-01 00:09:00,Beauty,variant,1398.62
1281,8302,2574,2025-05-22 00:09:00,Sports,control,1973.79
1282,8303,2574,2025-06-10 00:09:00,Electronics,control,1988.29
1283,8306,2576,2025-04-29 00:09:00,Fashion,control,2470.49
1284,8322,2578,2025-06-22 00:09:00,Fashion,variant,1715.56
1285,8335,2581,2025-06-12 00:09:00,Books,control,1167.17
1286,8347,2584,2025-06-26 00:09:00,Home & Kitchen,variant,1217.59
1287,8348,2585,2025-06-16 00:09:00,Fashion,variant,1601.04
1288,8352,2586,2025-06-16 00:09:00,Electronics,control,1367.4
1289,8357,2587,2025-07-23 00:09:00,Books,control,1581.63
1290,8368,2591,2025-03-05 00:09:00,Sports,variant,531.13
1291,8370,2592,2025-06-04 00:09:00,Beauty,variant,1117.44
1292,8371,2593,2025-06-17 00:09:00,Sports,variant,342.52
1293,8373,2593,2025-07-01 00:09:00,Electronics,variant,3358.46
1294,8375,2594,2025-03-24 00:09:00,Books,control,1444.1
1295,8380,2596,2025-04-03 00:09:00,Home & Kitchen,variant,2121.01
1296,8382,2596,2025-03-25 00:09:00,Beauty,variant,2210.79
1297,8388,2597,2025-06-25 00:09:00,Sports,variant,2844.26
1298,8397,2600,2025-05-20 00:09:00,Fashion,control,1551.03
1299,8401,2601,2025-08-28 00:09:00,Sports,variant,964.95
1300,8421,2606,2025-07-23 00:09:00,Home & Kitchen,variant,1613.15
1301,8422,2606,2025-07-23 00:09:00,Fashion,variant,2363.06
1302,8436,2610,2025-07-19 00:09:00,Home & Kitchen,variant,933.63
1303,8441,2611,2025-08-18 00:09:00,Fashion,variant,1189.11
1304,8446,2613,2025-04-30 00:09:00,Sports,control,896.33
1305,8447,2614,2025-06-23 00:09:00,Sports,variant,1354.52
1306,8459,2616,2025-07-11 00:09:00,Beauty,variant,2144.28
1307,8462,2618,2025-04-09 00:09:00,Beauty,control,1650.62
1308,8469,2619,2025-06-22 00:09:00,Fashion,control,954.7
1309,8474,2620,2025-08-25 00:09:00,Fashion,variant,2157.72
1310,8479,2622,2025-05-28 00:09:00,Sports,variant,726.92
1311,8490,2628,2025-04-09 00:09:00,Fashion,control,3558.83
1312,8495,2628,2025-05-19 00:09:00,Sports,control,3172.66
1313,8506,2632,2025-07-17 00:09:00,Electronics,variant,3739.68
1314,8516,2635,2025-04-13 00:09:00,Books,control,933.77
1315,8522,2636,2025-03-30 00:09:00,Fashion,variant,737.17
1316,8535,2641,2025-06-16 00:09:00,Electronics,variant,2663.19
1317,8546,2644,2025-06-14 00:09:00,Home & Kitchen,control,3084.75
1318,8547,2644,2025-07-29 00:09:00,Home & Kitchen,control,1807.88
1319,8561,2650,2025-05-17 00:09:00,Beauty,control,3789.99
1320,8566,2651,2025-08-28 00:09:00,Fashion,control,718.04
1321,8569,2652,2025-09-07 00:09:00,Books,variant,2659.05
1322,8574,2655,2025-08-05 00:09:00,Sports,control,1903.55
1323,8583,2657,2025-07-05 00:09:00,Books,control,640.04
1324,8584,2657,2025-06-25 00:09:00,Electronics,control,2876.4
1325,8588,2658,2025-06-07 00:09:00,Fashion,variant,620.86
1326,8595,2662,2025-07-31 00:09:00,Books,control,2268.08
1327,8646,2678,2025-09-01 00:09:00,Sports,variant,2844.61
1328,8652,2679,2025-07-10 00:09:00,Books,control,425.03
1329,8664,2681,2025-04-02 00:09:00,Home & Kitchen,variant,2814.05
1330,8668,2682,2025-04-05 00:09:00,Electronics,control,1346.89
1331,8669,2683,2025-06-02 00:09:00,Home & Kitchen,control,1229.31
1332,8670,2683,2025-06-07 00:09:00,Beauty,control,1102.62
1333,8674,2685,2025-06-18 00:09:00,Books,control,4025.41
1334,8678,2686,2025-05-24 00:09:00,Home & Kitchen,control,1937.12
1335,8679,2686,2025-05-09 00:09:00,Home & Kitchen,control,940.57
1336,8685,2688,2025-07-04 00:09:00,Sports,control,3522.05
1337,8691,2690,2025-08-29 00:09:00,Fashion,variant,3066.45
1338,8692,2691,2025-07-25 00:09:00,Fashion,control,1808.57
1339,8695,2693,2025-09-02 00:09:00,Fashion,variant,1882.58
1340,8697,2694,2025-06-10 00:09:00,Electronics,control,442.54
1341,8700,2695,2025-08-13 00:09:00,Sports,variant,1116.65
1342,8701,2696,2025-05-23 00:09:00,Home & Kitchen,variant,825.68
1343,8716,2699,2025-04-12 00:09:00,Beauty,variant,1553.62
1344,8718,2699,2025-05-02 00:09:00,Home & Kitchen,variant,1183.96
1345,8723,2701,2025-09-18 00:09:00,Beauty,variant,1415.76
1346,8733,2706,2025-05-04 00:09:00,Fashion,variant,1727.31
1347,8737,2707,2025-07-09 00:09:00,Electronics,control,431.09
1348,8741,2708,2025-05-04 00:09:00,Home & Kitchen,control,894.61
1349,8751,2711,2025-05-24 00:09:00,Beauty,variant,2312.03
1350,8758,2713,2025-08-14 00:09:00,Books,variant,1176.81
1351,8759,2714,2025-07-02 00:09:00,Beauty,variant,2107.22
1352,8764,2715,2025-07-09 00:09:00,Electronics,control,3395.79
1353,8766,2715,2025-08-01 00:09:00,Beauty,control,2483.92
1354,8778,2718,2025-07-20 00:09:00,Beauty,variant,586.28
1355,8785,2720,2025-05-05 00:09:00,Sports,control,327.68
1356,8803,2724,2025-06-02 00:09:00,Electronics,variant,1597.81
1357,8853,2740,2025-05-21 00:09:00,Electronics,variant,943.48
1358,8860,2741,2025-08-09 00:09:00,Sports,variant,1567.82
1359,8862,2742,2025-04-11 00:09:00,Electronics,control,972.92
1360,8870,2745,2025-05-14 00:09:00,Electronics,variant,604.11
1361,8878,2747,2025-05-25 00:09:00,Fashion,variant,2733.81
1362,8879,2748,2025-07-16 00:09:00,Books,control,1659.03
1363,8889,2753,2025-06-16 00:09:00,Electronics,variant,1083.05
1364,8891,2754,2025-06-17 00:09:00,Sports,control,1540.47
1365,8895,2755,2025-08-26 00:09:00,Electronics,variant,4972.4
1366,8906,2760,2025-06-05 00:09:00,Books,control,230.06
1367,8924,2768,2025-09-09 00:09:00,Electronics,control,1329.54
1368,8938,2773,2025-04-29 00:09:00,Books,variant,1178.24
1369,8944,2776,2025-05-11 00:09:00,Beauty,control,1206.96
1370,8945,2776,2025-04-28 00:09:00,Beauty,control,3175.98
1371,8954,2778,2025-08-20 00:09:00,Electronics,control,988.41
1372,8963,2782,2025-08-21 00:09:00,Beauty,variant,350.35
1373,8964,2783,2025-08-04 00:09:00,Books,variant,1420.79
1374,8966,2783,2025-08-02 00:09:00,Electronics,variant,2110.54
1375,8969,2785,2025-08-23 00:09:00,Books,variant,1143.79
1376,8983,2789,2025-05-28 00:09:00,Books,variant,3371.29
1377,8984,2789,2025-05-10 00:09:00,Electronics,variant,1387.05
1378,8986,2790,2025-09-05 00:09:00,Beauty,control,2214.29
1379,8988,2790,2025-08-24 00:09:00,Sports,control,3642.45
1380,8989,2790,2025-09-06 00:09:00,Sports,control,1095.45
1381,9002,2795,2025-04-24 00:09:00,Fashion,control,2087.48
1382,9016,2798,2025-07-11 00:09:00,Books,control,1548.43
1383,9019,2800,2025-06-18 00:09:00,Books,variant,2401.34
1384,9023,2803,2025-08-29 00:09:00,Books,control,1530.53
1385,9025,2804,2025-04-16 00:09:00,Sports,control,1227.01
1386,9030,2804,2025-05-18 00:09:00,Beauty,control,2668.54
1387,9034,2805,2025-04-18 00:09:00,Sports,variant,1442.34
1388,9039,2807,2025-04-27 00:09:00,Fashion,variant,2458.28
1389,9044,2808,2025-07-20 00:09:00,Fashion,variant,3186.43
1390,9045,2809,2025-07-17 00:09:00,Electronics,variant,2577.88
1391,9048,2810,2025-05-05 00:09:00,Home & Kitchen,control,641.03
1392,9064,2816,2025-03-26 00:09:00,Home & Kitchen,control,1238.63
1393,9067,2816,2025-04-15 00:09:00,Home & Kitchen,control,1413.07
1394,9078,2820,2025-07-25 00:09:00,Home & Kitchen,variant,2297.38
1395,9092,2825,2025-07-10 00:09:00,Fashion,variant,1597.53
1396,9097,2826,2025-09-05 00:09:00,Sports,variant,3119.28
1397,9099,2827,2025-05-15 00:09:00,Electronics,variant,1053.71
1398,9105,2829,2025-06-28 00:09:00,Home & Kitchen,variant,2628.11
1399,9110,2831,2025-08-19 00:09:00,Sports,control,1875.06
1400,9117,2833,2025-06-11 00:09:00,Books,control,1228.05
1401,9122,2835,2025-05-07 00:09:00,Beauty,control,1871.09
1402,9145,2841,2025-07-06 00:09:00,Fashion,variant,4375.63
1403,9146,2841,2025-07-14 00:09:00,Beauty,variant,1776.03
1404,9147,2842,2025-07-26 00:09:00,Sports,control,1444.28
1405,9151,2843,2025-07-23 00:09:00,Books,variant,2084.75
1406,9153,2844,2025-05-28 00:09:00,Sports,control,1654.61
1407,9160,2846,2025-06-09 00:09:00,Electronics,variant,1198.66
1408,9165,2846,2025-08-05 00:09:00,Beauty,variant,1340.73
1409,9166,2846,2025-07-26 00:09:00,Home & Kitchen,variant,142.6
1410,9171,2848,2025-05-19 00:09:00,Books,variant,4053.45
1411,9172,2848,2025-05-13 00:09:00,Home & Kitchen,variant,2671.55
1412,9177,2849,2025-05-12 00:09:00,Books,control,425.64
1413,9184,2851,2025-06-30 00:09:00,Fashion,variant,934.59
1414,9193,2854,2025-03-20 00:09:00,Sports,control,1211.25
1415,9196,2854,2025-07-14 00:09:00,Beauty,control,1999.03
1416,9197,2855,2025-08-03 00:09:00,Home & Kitchen,variant,2130.7
1417,9204,2858,2025-08-15 00:09:00,Electronics,control,1398.19
1418,9219,2861,2025-07-11 00:09:00,Electronics,variant,1025.76
1419,9229,2864,2025-07-05 00:09:00,Fashion,control,590.58
1420,9236,2865,2025-04-06 00:09:00,Fashion,variant,2089.69
1421,9242,2866,2025-04-07 00:09:00,Home & Kitchen,variant,887.34
1422,9248,2867,2025-04-26 00:09:00,Sports,control,2070.28
1423,9250,2867,2025-07-01 00:09:00,Beauty,control,3102.95
1424,9255,2870,2025-04-20 00:09:00,Books,control,1717.15
1425,9259,2871,2025-04-12 00:09:00,Electronics,variant,777.39
1426,9268,2874,2025-04-24 00:09:00,Sports,variant,221.69
1427,9275,2876,2025-06-18 00:09:00,Books,control,573.28
1428,9286,2881,2025-03-27 00:09:00,Beauty,control,2915.18
1429,9289,2882,2025-04-09 00:09:00,Beauty,variant,4626.07
1430,9293,2882,2025-07-16 00:09:00,Electronics,variant,637.75
1431,9302,2885,2025-05-05 00:09:00,Books,variant,1837.31
1432,9307,2886,2025-03-07 00:09:00,Fashion,variant,2300.53
1433,9310,2886,2025-07-23 00:09:00,Electronics,variant,2724.39
1434,9317,2888,2025-04-24 00:09:00,Sports,control,5937.98
1435,9323,2889,2025-06-13 00:09:00,Home & Kitchen,variant,299.23
1436,9324,2889,2025-06-14 00:09:00,Sports,variant,887.07
1437,9325,2889,2025-06-06 00:09:00,Books,variant,778.54
1438,9326,2890,2025-05-03 00:09:00,Beauty,control,3363.22
1439,9327,2890,2025-05-03 00:09:00,Sports,control,2326.17
1440,9330,2891,2025-03-18 00:09:00,Home & Kitchen,variant,3169.84
1441,9341,2894,2025-09-10 00:09:00,Home & Kitchen,control,797.7
1442,9345,2895,2025-04-26 00:09:00,Sports,variant,3680.69
1443,9346,2896,2025-07-16 00:09:00,Electronics,variant,2008.12
1444,9348,2896,2025-07-10 00:09:00,Books,variant,918.53
1445,9349,2896,2025-07-14 00:09:00,Books,variant,1857.07
1446,9350,2897,2025-06-11 00:09:00,Home & Kitchen,control,2087.43
1447,9363,2903,2025-08-27 00:09:00,Sports,variant,1898.23
1448,9375,2907,2025-06-18 00:09:00,Sports,variant,2844.16
1449,9381,2908,2025-07-30 00:09:00,Electronics,variant,1728.54
1450,9387,2910,2025-06-03 00:09:00,Books,control,1323.42
1451,9389,2910,2025-06-19 00:09:00,Home & Kitchen,control,843.35
1452,9401,2914,2025-05-08 00:09:00,Beauty,variant,2231.12
1453,9412,2916,2025-07-06 00:09:00,Books,variant,2179.59
1454,9416,2918,2025-08-24 00:09:00,Books,variant,1037.68
1455,9424,2920,2025-07-07 00:09:00,Beauty,variant,1778.14
1456,9439,2925,2025-05-21 00:09:00,Fashion,variant,1189.18
1457,9451,2929,2025-05-23 00:09:00,Beauty,control,1063.91
1458,9459,2931,2025-07-03 00:09:00,Books,variant,3822.91
1459,9463,2932,2025-08-01 00:09:00,Sports,variant,1039.25
1460,9475,2935,2025-07-20 00:09:00,Beauty,variant,3832.46
1461,9481,2936,2025-06-12 00:09:00,Beauty,control,2150.98
1462,9491,2938,2025-07-11 00:09:00,Electronics,control,2297.2
1463,9494,2940,2025-04-30 00:09:00,Fashion,control,892.91
1464,9498,2941,2025-08-16 00:09:00,Beauty,variant,3319.17
1465,9501,2943,2025-08-06 00:09:00,Home & Kitchen,variant,828.38
1466,9502,2943,2025-07-23 00:09:00,Fashion,variant,1818.97
1467,9503,2943,2025-07-28 00:09:00,Fashion,variant,4872.7
1468,9536,2954,2025-05-27 00:09:00,Electronics,variant,1539.49
1469,9537,2954,2025-06-14 00:09:00,Fashion,variant,1153.07
1470,9545,2955,2025-07-31 00:09:00,Beauty,variant,1229.25
1471,9553,2958,2025-06-21 00:09:00,Fashion,control,1168.62
1472,9554,2958,2025-06-02 00:09:00,Beauty,control,1002.67
1473,9558,2958,2025-07-17 00:09:00,Sports,control,2692.23
1474,9563,2959,2025-07-23 00:09:00,Electronics,variant,2198.32
1475,9564,2959,2025-07-13 00:09:00,Electronics,variant,1509.94
1476,9576,2964,2025-05-24 00:09:00,Sports,variant,1770.74
1477,9586,2966,2025-06-28 00:09:00,Electronics,variant,501.87
1478,9605,2970,2025-06-18 00:09:00,Books,control,397.36
1479,9607,2970,2025-07-27 00:09:00,Beauty,control,1919.93
1480,9616,2972,2025-05-17 00:09:00,Electronics,control,969.25
1481,9631,2979,2025-05-08 00:09:00,Sports,control,2833.39
1482,9636,2981,2025-07-25 00:09:00,Beauty,control,817.04
1483,9638,2981,2025-07-10 00:09:00,Electronics,control,288.12
1484,9647,2985,2025-08-01 00:09:00,Books,control,585.62
1485,9649,2986,2025-07-09 00:09:00,Sports,variant,1874.62
1486,9656,2989,2025-08-23 00:09:00,Electronics,variant,576.63
1487,9661,2990,2025-06-12 00:09:00,Beauty,control,1586.03
1488,9668,2992,2025-06-26 00:09:00,Beauty,control,530.88
1489,9673,2994,2025-09-06 00:09:00,Sports,control,1063.8
1490,9679,2997,2025-05-05 00:09:00,Fashion,variant,1530.53
1491,9680,2997,2025-04-11 00:09:00,Books,variant,2070.05
1492,9683,2998,2025-06-05 00:09:00,Home & Kitchen,control,967.04
1493,9684,2998,2025-05-16 00:09:00,Electronics,control,1191.63
1494,9693,3003,2025-09-12 00:09:00,Electronics,variant,838.12
1495,9706,3006,2025-05-25 00:09:00,Electronics,variant,1066.66
1496,9711,3007,2025-08-06 00:09:00,Books,variant,1447.63
1497,9713,3007,2025-07-28 00:09:00,Beauty,variant,1733.86
1498,9717,3008,2025-08-13 00:09:00,Fashion,control,2075.91
1499,9738,3015,2025-06-20 00:09:00,Fashion,control,1668.54
1500,9744,3017,2025-06-29 00:09:00,Electronics,variant,862.02
1501,9746,3017,2025-07-01 00:09:00,Books,variant,1497.2
1502,9747,3018,2025-05-14 00:09:00,Books,control,3617.04
1503,9753,3018,2025-08-04 00:09:00,Home & Kitchen,control,650.82
1504,9759,3020,2025-07-31 00:09:00,Electronics,control,1805.28
1505,9764,3023,2025-06-10 00:09:00,Beauty,variant,3295.94
1506,9765,3024,2025-04-28 00:09:00,Fashion,control,1394.5
1507,9777,3027,2025-04-17 00:09:00,Books,control,221.27
1508,9779,3027,2025-07-25 00:09:00,Electronics,control,1752.24
1509,9806,3035,2025-03-30 00:09:00,Beauty,control,1343.58
1510,9807,3035,2025-07-19 00:09:00,Electronics,control,2113.87
1511,9812,3037,2025-07-24 00:09:00,Fashion,variant,1646.85
1512,9818,3038,2025-04-12 00:09:00,Sports,variant,1060.93
1513,9821,3039,2025-04-22 00:09:00,Beauty,control,878.15
1514,9823,3039,2025-05-01 00:09:00,Home & Kitchen,control,2809.48
1515,9826,3041,2025-06-01 00:09:00,Electronics,variant,741.14
1516,9832,3041,2025-07-07 00:09:00,Sports,variant,2351.86
1517,9848,3047,2025-08-05 00:09:00,Fashion,variant,855.88
1518,9849,3048,2025-07-13 00:09:00,Home & Kitchen,variant,1314.09
1519,9850,3048,2025-07-24 00:09:00,Books,variant,287.84
1520,9851,3049,2025-05-09 00:09:00,Beauty,variant,4912.8
1521,9856,3049,2025-05-12 00:09:00,Home & Kitchen,variant,494.02
1522,9857,3050,2025-07-27 00:09:00,Books,control,2117.69
1523,9860,3050,2025-07-24 00:09:00,Books,control,3234.21
1524,9866,3052,2025-04-19 00:09:00,Electronics,variant,1072.36
1525,9868,3052,2025-06-19 00:09:00,Home & Kitchen,variant,1968.41
1526,9869,3052,2025-07-05 00:09:00,Books,variant,1658.72
1527,9879,3056,2025-05-26 00:09:00,Books,control,1806.93
1528,9884,3058,2025-04-20 00:09:00,Fashion,variant,1457.5
1529,9887,3058,2025-04-30 00:09:00,Electronics,variant,1047.93
1530,9895,3060,2025-04-24 00:09:00,Beauty,variant,3153.18
1531,9905,3064,2025-03-23 00:09:00,Home & Kitchen,variant,2569.57
1532,9906,3064,2025-03-05 00:09:00,Beauty,variant,1061.97
1533,9914,3065,2025-07-12 00:09:00,Electronics,control,1811.59
1534,9921,3066,2025-06-21 00:09:00,Books,control,3640.37
1535,9924,3066,2025-06-15 00:09:00,Fashion,control,1635.48
1536,9927,3067,2025-07-16 00:09:00,Books,variant,1277.06
1537,9929,3067,2025-08-24 00:09:00,Sports,variant,192.13
1538,9930,3067,2025-08-21 00:09:00,Fashion,variant,1519.87
1539,9931,3067,2025-08-11 00:09:00,Beauty,variant,2053.6
1540,9933,3067,2025-08-22 00:09:00,Sports,variant,1549.25
1541,9942,3071,2025-05-16 00:09:00,Sports,variant,633.95
1542,9950,3073,2025-05-06 00:09:00,Books,variant,762.22
1543,9961,3075,2025-06-25 00:09:00,Sports,control,2288.3
1544,9967,3076,2025-08-03 00:09:00,Home & Kitchen,variant,481.94
1545,9974,3080,2025-05-17 00:09:00,Home & Kitchen,variant,1597.62
1546,9978,3082,2025-08-17 00:09:00,Electronics,control,1979.03
1547,9979,3083,2025-05-02 00:09:00,Beauty,control,1651.96
1548,10002,3091,2025-06-10 00:09:00,Sports,control,638.1
1549,10003,3091,2025-06-09 00:09:00,Electronics,control,307.32
1550,10006,3092,2025-05-25 00:09:00,Electronics,variant,502.16
1551,10010,3093,2025-07-22 00:09:00,Electronics,control,1699.31
1552,10033,3099,2025-04-06 00:09:00,Home & Kitchen,variant,323.13
1553,10038,3100,2025-05-18 00:09:00,Fashion,control,1267.24
1554,10039,3100,2025-06-08 00:09:00,Electronics,control,2308.19
1555,10056,3106,2025-05-01 00:09:00,Books,variant,2414.73
1556,10065,3109,2025-08-14 00:09:00,Home & Kitchen,variant,1252.44
1557,10070,3111,2025-06-11 00:09:00,Books,control,2078.28
1558,10088,3117,2025-06-15 00:09:00,Sports,variant,836.88
1559,10089,3117,2025-07-07 00:09:00,Fashion,variant,2245.83
1560,10095,3118,2025-07-01 00:09:00,Beauty,variant,2113.88
1561,10097,3119,2025-04-04 00:09:00,Books,variant,1336.99
1562,10111,3124,2025-06-24 00:09:00,Beauty,variant,868.95
1563,10115,3124,2025-06-18 00:09:00,Sports,variant,1260.11
1564,10116,3124,2025-07-19 00:09:00,Beauty,variant,1547.29
1565,10124,3127,2025-08-09 00:09:00,Beauty,variant,243.66
1566,10126,3128,2025-08-20 00:09:00,Books,variant,2595.4
1567,10139,3132,2025-06-16 00:09:00,Beauty,variant,1105.48
1568,10151,3136,2025-04-23 00:09:00,Books,variant,2070.87
1569,10156,3136,2025-07-26 00:09:00,Beauty,variant,1121.26
1570,10167,3138,2025-07-08 00:09:00,Fashion,control,2038.08
1571,10170,3139,2025-05-20 00:09:00,Sports,control,985.81
1572,10171,3139,2025-05-17 00:09:00,Sports,control,3139.24
1573,10175,3139,2025-07-14 00:09:00,Books,control,2693.46
1574,10179,3141,2025-05-27 00:09:00,Sports,variant,1407.46
1575,10180,3141,2025-05-22 00:09:00,Beauty,variant,536.94
1576,10183,3142,2025-05-27 00:09:00,Beauty,control,1043.37
1577,10187,3144,2025-06-20 00:09:00,Sports,variant,1702.08
1578,10188,3144,2025-06-06 00:09:00,Fashion,variant,2710.96
1579,10197,3146,2025-07-01 00:09:00,Home & Kitchen,control,766.16
1580,10199,3147,2025-07-09 00:09:00,Sports,variant,2121.85
1581,10206,3149,2025-08-09 00:09:00,Electronics,variant,1671.43
1582,10210,3151,2025-08-03 00:09:00,Fashion,variant,1116.28
1583,10215,3152,2025-05-04 00:09:00,Electronics,variant,1436.38
1584,10225,3154,2025-07-28 00:09:00,Sports,variant,844.52
1585,10227,3155,2025-04-05 00:09:00,Home & Kitchen,variant,1959.49
1586,10229,3156,2025-08-27 00:09:00,Electronics,variant,1579.3
1587,10236,3159,2025-07-10 00:09:00,Home & Kitchen,variant,1027.55
1588,10237,3159,2025-07-24 00:09:00,Home & Kitchen,variant,3539.29
1589,10241,3161,2025-03-27 00:09:00,Electronics,control,2031.96
1590,10263,3168,2025-05-15 00:09:00,Books,control,1950.12
1591,10275,3171,2025-07-14 00:09:00,Sports,variant,1405.94
1592,10279,3173,2025-06-21 00:09:00,Electronics,variant,1579.76
1593,10280,3173,2025-06-10 00:09:00,Beauty,variant,716.33
1594,10283,3174,2025-05-25 00:09:00,Electronics,control,1091.73
1595,10287,3176,2025-07-03 00:09:00,Fashion,control,2267.03
1596,10288,3177,2025-06-20 00:09:00,Sports,variant,2202.0
1597,10312,3182,2025-05-04 00:09:00,Fashion,variant,722.47
1598,10337,3192,2025-08-10 00:09:00,Beauty,variant,844.43
1599,10340,3193,2025-07-21 00:09:00,Sports,control,2043.74
1600,10342,3193,2025-07-25 00:09:00,Sports,control,2067.98
1601,10346,3195,2025-07-22 00:09:00,Sports,control,881.65
1602,10350,3196,2025-06-07 00:09:00,Books,variant,2282.32
1603,10355,3197,2025-04-25 00:09:00,Home & Kitchen,variant,899.56
1604,10359,3199,2025-08-27 00:09:00,Home & Kitchen,control,1314.11
1605,10362,3200,2025-05-07 00:09:00,Sports,control,1379.75
1606,10377,3204,2025-03-15 00:09:00,Beauty,control,2203.66
1607,10379,3204,2025-07-09 00:09:00,Books,control,2537.89
1608,10393,3208,2025-07-16 00:09:00,Beauty,variant,1134.6
1609,10397,3209,2025-07-12 00:09:00,Fashion,variant,1880.76
1610,10398,3209,2025-07-17 00:09:00,Sports,variant,3937.79
1611,10411,3215,2025-06-26 00:09:00,Home & Kitchen,variant,2806.99
1612,10423,3219,2025-08-13 00:09:00,Home & Kitchen,variant,754.41
1613,10424,3219,2025-08-13 00:09:00,Home & Kitchen,variant,1480.33
1614,10425,3219,2025-08-26 00:09:00,Beauty,variant,1716.38
1615,10437,3222,2025-05-15 00:09:00,Books,variant,1387.62
1616,10453,3227,2025-07-22 00:09:00,Beauty,variant,1536.59
1617,10455,3227,2025-08-10 00:09:00,Beauty,variant,2116.69
1618,10484,3237,2025-06-13 00:09:00,Home & Kitchen,control,2510.5
1619,10487,3238,2025-08-08 00:09:00,Books,variant,2387.26
1620,10493,3240,2025-04-18 00:09:00,Electronics,control,2148.47
1621,10495,3240,2025-04-17 00:09:00,Sports,control,729.7
1622,10508,3242,2025-06-19 00:09:00,Beauty,control,2088.23
1623,10515,3244,2025-06-18 00:09:00,Beauty,control,932.58
1624,10516,3244,2025-06-10 00:09:00,Sports,control,743.15
1625,10520,3246,2025-07-29 00:09:00,Fashion,variant,1125.69
1626,10525,3246,2025-07-26 00:09:00,Sports,variant,605.39
1627,10527,3247,2025-07-16 00:09:00,Sports,variant,984.94
1628,10531,3248,2025-06-08 00:09:00,Fashion,control,1641.58
1629,10537,3251,2025-05-29 00:09:00,Beauty,variant,2518.98
1630,10540,3253,2025-04-11 00:09:00,Books,control,2252.97
1631,10541,3254,2025-06-02 00:09:00,Books,control,1318.16
1632,10548,3256,2025-05-03 00:09:00,Books,control,1147.88
1633,10550,3256,2025-04-30 00:09:00,Fashion,control,437.0
1634,10554,3258,2025-04-29 00:09:00,Beauty,variant,3241.22
1635,10555,3258,2025-05-14 00:09:00,Fashion,variant,2808.26
1636,10569,3262,2025-05-05 00:09:00,Beauty,control,1704.04
1637,10574,3264,2025-09-09 00:09:00,Books,control,2451.29
1638,10576,3265,2025-06-17 00:09:00,Books,control,1554.42
1639,10581,3267,2025-07-30 00:09:00,Home & Kitchen,variant,719.01
1640,10585,3268,2025-07-10 00:09:00,Home & Kitchen,control,536.77
1641,10598,3270,2025-08-25 00:09:00,Books,variant,1663.61
1642,10610,3275,2025-04-25 00:09:00,Home & Kitchen,variant,3792.71
1643,10614,3276,2025-08-29 00:09:00,Sports,variant,142.63
1644,10617,3277,2025-04-28 00:09:00,Fashion,variant,1694.92
1645,10618,3277,2025-04-30 00:09:00,Electronics,variant,1474.26
1646,10621,3278,2025-05-24 00:09:00,Books,variant,1841.65
1647,10625,3280,2025-07-30 00:09:00,Electronics,variant,1433.1
1648,10635,3283,2025-08-24 00:09:00,Home & Kitchen,variant,4223.69
1649,10636,3283,2025-08-28 00:09:00,Electronics,variant,474.82
1650,10639,3284,2025-04-14 00:09:00,Home & Kitchen,control,1069.04
1651,10651,3286,2025-07-29 00:09:00,Home & Kitchen,variant,1303.53
1652,10657,3288,2025-04-08 00:09:00,Books,variant,595.85
1653,10663,3290,2025-06-19 00:09:00,Home & Kitchen,variant,2243.47
1654,10667,3292,2025-06-02 00:09:00,Home & Kitchen,variant,1149.9
1655,10683,3297,2025-04-27 00:09:00,Electronics,control,1022.95
1656,10696,3301,2025-06-22 00:09:00,Beauty,variant,2309.71
1657,10704,3304,2025-05-02 00:09:00,Sports,variant,1366.46
1658,10707,3305,2025-03-28 00:09:00,Beauty,variant,739.08
1659,10712,3306,2025-04-12 00:09:00,Beauty,control,703.25
1660,10723,3308,2025-07-24 00:09:00,Sports,control,1409.66
1661,10731,3312,2025-05-20 00:09:00,Electronics,variant,2527.61
1662,10738,3314,2025-04-15 00:09:00,Sports,variant,904.57
1663,10744,3315,2025-06-20 00:09:00,Sports,control,1841.03
1664,10747,3316,2025-08-19 00:09:00,Sports,control,2357.24
1665,10752,3318,2025-06-16 00:09:00,Fashion,control,2104.65
1666,10756,3319,2025-04-24 00:09:00,Beauty,variant,1019.21
1667,10757,3319,2025-04-26 00:09:00,Books,variant,2097.82
1668,10759,3319,2025-07-10 00:09:00,Fashion,variant,2284.04
1669,10760,3320,2025-03-27 00:09:00,Sports,control,567.31
1670,10782,3327,2025-03-08 00:09:00,Fashion,variant,957.28
1671,10785,3328,2025-04-22 00:09:00,Beauty,control,1287.35
1672,10787,3329,2025-05-19 00:09:00,Books,control,1022.02
1673,10796,3333,2025-04-15 00:09:00,Beauty,control,648.29
1674,10814,3338,2025-03-15 00:09:00,Sports,variant,750.99
1675,10817,3338,2025-05-03 00:09:00,Beauty,variant,1227.28
1676,10822,3340,2025-08-28 00:09:00,Fashion,control,1290.22
1677,10833,3343,2025-05-12 00:09:00,Home & Kitchen,control,1964.64
1678,10844,3346,2025-07-16 00:09:00,Sports,variant,1305.95
1679,10849,3348,2025-03-24 00:09:00,Books,variant,641.78
1680,10851,3348,2025-03-25 00:09:00,Beauty,variant,2230.85
1681,10852,3349,2025-03-29 00:09:00,Sports,variant,1249.0
1682,10857,3349,2025-06-14 00:09:00,Home & Kitchen,variant,1687.93
1683,10864,3351,2025-04-12 00:09:00,Sports,variant,1255.12
1684,10871,3353,2025-03-18 00:09:00,Fashion,variant,945.79
1685,10872,3353,2025-04-06 00:09:00,Fashion,variant,1225.0
1686,10891,3360,2025-06-01 00:09:00,Books,control,2095.47
1687,10906,3365,2025-04-11 00:09:00,Books,control,2617.91
1688,10923,3369,2025-07-19 00:09:00,Fashion,variant,1217.05
1689,10928,3370,2025-03-23 00:09:00,Electronics,variant,1704.33
1690,10934,3372,2025-04-13 00:09:00,Books,variant,505.6
1691,10937,3373,2025-04-18 00:09:00,Beauty,control,464.57
1692,10939,3373,2025-04-22 00:09:00,Beauty,control,1888.66
1693,10945,3375,2025-07-28 00:09:00,Electronics,variant,2050.68
1694,10946,3376,2025-07-19 00:09:00,Fashion,variant,860.46
1695,10952,3377,2025-06-26 00:09:00,Fashion,control,948.27
1696,10957,3377,2025-08-05 00:09:00,Sports,control,2863.96
1697,10959,3378,2025-06-24 00:09:00,Beauty,variant,1634.6
1698,10965,3380,2025-07-22 00:09:00,Home & Kitchen,variant,1122.18
1699,10970,3381,2025-07-20 00:09:00,Sports,control,2444.21
1700,10983,3385,2025-07-16 00:09:00,Home & Kitchen,variant,757.0
1701,11005,3393,2025-08-02 00:09:00,Beauty,variant,3050.6
1702,11007,3394,2025-04-20 00:09:00,Sports,control,1435.47
1703,11013,3396,2025-07-03 00:09:00,Books,variant,884.73
1704,11032,3401,2025-07-22 00:09:00,Beauty,control,3188.52
1705,11047,3407,2025-05-28 00:09:00,Books,control,561.59
1706,11048,3408,2025-07-01 00:09:00,Sports,variant,1048.28
1707,11049,3408,2025-07-04 00:09:00,Home & Kitchen,variant,2672.22
1708,11052,3410,2025-05-06 00:09:00,Beauty,control,1131.31
1709,11053,3411,2025-03-15 00:09:00,Fashion,variant,843.26
1710,11061,3413,2025-04-27 00:09:00,Fashion,variant,2125.76
1711,11067,3414,2025-03-19 00:09:00,Electronics,control,1832.89
1712,11073,3415,2025-06-14 00:09:00,Fashion,control,2177.47
1713,11074,3415,2025-06-20 00:09:00,Home & Kitchen,control,1962.52
1714,11077,3416,2025-06-12 00:09:00,Fashion,control,2405.35
1715,11088,3419,2025-04-28 00:09:00,Home & Kitchen,control,1758.38
1716,11091,3420,2025-05-12 00:09:00,Electronics,variant,1562.9
1717,11095,3421,2025-06-29 00:09:00,Sports,control,2715.24
1718,11101,3421,2025-08-13 00:09:00,Books,control,3977.62
1719,11102,3422,2025-07-24 00:09:00,Sports,variant,1681.48
1720,11104,3422,2025-08-11 00:09:00,Sports,variant,866.33
1721,11108,3423,2025-07-17 00:09:00,Electronics,variant,1242.19
1722,11112,3425,2025-07-17 00:09:00,Sports,control,657.43
1723,11125,3430,2025-05-02 00:09:00,Fashion,variant,2955.67
1724,11146,3436,2025-06-30 00:09:00,Electronics,control,1118.09
1725,11170,3443,2025-06-10 00:09:00,Electronics,control,1098.04
1726,11173,3443,2025-08-09 00:09:00,Books,control,1605.04
1727,11177,3444,2025-06-23 00:09:00,Electronics,variant,872.92
1728,11179,3444,2025-06-22 00:09:00,Electronics,variant,906.46
1729,11190,3449,2025-07-15 00:09:00,Beauty,variant,647.95
1730,11195,3450,2025-07-02 00:09:00,Fashion,control,715.83
1731,11196,3450,2025-07-09 00:09:00,Electronics,control,1853.63
1732,11206,3452,2025-08-12 00:09:00,Electronics,variant,1700.08
1733,11207,3453,2025-06-04 00:09:00,Beauty,control,1081.65
1734,11213,3455,2025-07-31 00:09:00,Home & Kitchen,control,4342.94
1735,11215,3455,2025-08-11 00:09:00,Beauty,control,1520.1
1736,11223,3457,2025-07-24 00:09:00,Fashion,control,2900.5
1737,11229,3460,2025-05-24 00:09:00,Home & Kitchen,control,1254.82
1738,11243,3464,2025-04-02 00:09:00,Books,control,500.9
1739,11245,3465,2025-05-14 00:09:00,Fashion,variant,3452.41
1740,11249,3465,2025-06-19 00:09:00,Books,variant,4043.16
1741,11264,3469,2025-08-10 00:09:00,Fashion,control,3182.61
1742,11266,3470,2025-08-06 00:09:00,Beauty,control,1663.73
1743,11267,3471,2025-04-27 00:09:00,Sports,variant,1838.5
1744,11274,3473,2025-07-11 00:09:00,Electronics,control,1296.18
1745,11282,3476,2025-05-09 00:09:00,Home & Kitchen,variant,2625.36
1746,11283,3476,2025-06-14 00:09:00,Electronics,variant,1642.08
1747,11295,3480,2025-08-07 00:09:00,Electronics,variant,2210.78
1748,11298,3482,2025-04-22 00:09:00,Sports,control,681.24
1749,11307,3484,2025-04-24 00:09:00,Electronics,control,1105.67
1750,11310,3485,2025-05-07 00:09:00,Fashion,control,2264.39
1751,11311,3485,2025-05-22 00:09:00,Beauty,control,848.45
1752,11319,3488,2025-08-12 00:09:00,Fashion,control,1175.32
1753,11322,3489,2025-07-14 00:09:00,Sports,variant,1444.54
1754,11338,3493,2025-05-21 00:09:00,Fashion,variant,1779.37
1755,11350,3497,2025-05-06 00:09:00,Electronics,control,935.78
1756,11355,3498,2025-05-20 00:09:00,Home & Kitchen,control,2286.1
1757,11356,3498,2025-05-30 00:09:00,Beauty,control,1591.66
1758,11357,3499,2025-04-12 00:09:00,Beauty,control,166.89
1759,11368,3503,2025-05-02 00:09:00,Beauty,variant,608.74
1760,11370,3503,2025-05-15 00:09:00,Home & Kitchen,variant,600.98
1761,11372,3504,2025-05-08 00:09:00,Fashion,control,741.66
1762,11391,3512,2025-06-30 00:09:00,Beauty,control,2183.05
1763,11397,3513,2025-06-20 00:09:00,Sports,variant,501.57
1764,11398,3513,2025-07-04 00:09:00,Electronics,variant,590.12
1765,11407,3516,2025-08-20 00:09:00,Home & Kitchen,variant,4441.53
1766,11410,3517,2025-05-19 00:09:00,Sports,control,726.02
1767,11412,3517,2025-08-18 00:09:00,Books,control,1121.95
1768,11413,3517,2025-08-23 00:09:00,Books,control,1617.69
1769,11415,3518,2025-09-09 00:09:00,Beauty,control,874.63
1770,11416,3518,2025-09-15 00:09:00,Fashion,control,1127.57
1771,11420,3519,2025-07-25 00:09:00,Home & Kitchen,control,798.61
1772,11430,3524,2025-04-12 00:09:00,Fashion,control,1023.01
1773,11431,3525,2025-04-20 00:09:00,Beauty,control,872.5
1774,11437,3527,2025-03-31 00:09:00,Home & Kitchen,variant,1514.11
1775,11446,3528,2025-07-06 00:09:00,Fashion,control,1051.54
1776,11451,3529,2025-04-25 00:09:00,Beauty,variant,339.9
1777,11457,3530,2025-05-07 00:09:00,Electronics,variant,4039.59
1778,11458,3531,2025-06-01 00:09:00,Sports,variant,435.17
1779,11461,3532,2025-03-24 00:09:00,Home & Kitchen,control,1904.56
1780,11469,3533,2025-07-17 00:09:00,Beauty,control,866.4
1781,11470,3533,2025-07-10 00:09:00,Books,control,1570.12
1782,11474,3535,2025-04-01 00:09:00,Sports,variant,435.26
1783,11476,3535,2025-04-26 00:09:00,Home & Kitchen,variant,1660.12
1784,11479,3536,2025-04-13 00:09:00,Electronics,control,2101.59
1785,11494,3540,2025-08-03 00:09:00,Home & Kitchen,variant,1474.41
1786,11498,3541,2025-07-18 00:09:00,Beauty,control,1484.06
1787,11502,3541,2025-07-29 00:09:00,Electronics,control,782.9
1788,11521,3547,2025-06-24 00:09:00,Fashion,variant,1157.38
1789,11523,3548,2025-09-09 00:09:00,Electronics,control,352.3
1790,11524,3549,2025-04-26 00:09:00,Home & Kitchen,control,572.26
1791,11527,3550,2025-07-03 00:09:00,Fashion,control,2333.44
1792,11563,3560,2025-07-14 00:09:00,Electronics,variant,5233.28
1793,11576,3563,2025-05-19 00:09:00,Sports,variant,1848.8
1794,11579,3564,2025-08-14 00:09:00,Electronics,control,1531.86
1795,11595,3568,2025-03-18 00:09:00,Fashion,control,261.41
1796,11596,3569,2025-07-31 00:09:00,Beauty,control,1465.34
1797,11598,3569,2025-07-20 00:09:00,Beauty,control,600.98
1798,11600,3569,2025-07-28 00:09:00,Home & Kitchen,control,1716.68
1799,11606,3571,2025-07-24 00:09:00,Home & Kitchen,control,3089.09
1800,11608,3572,2025-08-24 00:09:00,Fashion,control,800.89
1801,11610,3572,2025-08-25 00:09:00,Home & Kitchen,control,1335.25
1802,11614,3574,2025-05-18 00:09:00,Sports,variant,1364.21
1803,11616,3574,2025-06-11 00:09:00,Fashion,variant,1417.05
1804,11622,3576,2025-07-11 00:09:00,Home & Kitchen,variant,1778.02
1805,11638,3581,2025-07-30 00:09:00,Beauty,control,807.7
1806,11648,3584,2025-04-16 00:09:00,Electronics,variant,585.99
1807,11659,3587,2025-05-29 00:09:00,Fashion,control,3402.71
1808,11671,3592,2025-04-28 00:09:00,Home & Kitchen,variant,1705.62
1809,11673,3592,2025-08-09 00:09:00,Home & Kitchen,variant,2728.69
1810,11676,3594,2025-06-27 00:09:00,Fashion,control,2531.23
1811,11679,3595,2025-05-06 00:09:00,Books,variant,816.15
1812,11700,3601,2025-05-09 00:09:00,Home & Kitchen,variant,1927.23
1813,11704,3602,2025-06-12 00:09:00,Books,control,1990.87
1814,11705,3602,2025-08-01 00:09:00,Home & Kitchen,control,1121.1
1815,11711,3603,2025-03-28 00:09:00,Sports,control,843.83
1816,11712,3603,2025-03-20 00:09:00,Books,control,1126.31
1817,11715,3603,2025-05-31 00:09:00,Beauty,control,1166.05
1818,11727,3606,2025-03-28 00:09:00,Beauty,variant,1002.09
1819,11735,3607,2025-06-07 00:09:00,Beauty,control,712.05
1820,11738,3608,2025-07-13 00:09:00,Sports,variant,1845.0
1821,11739,3608,2025-07-22 00:09:00,Electronics,variant,592.59
1822,11746,3611,2025-07-25 00:09:00,Home & Kitchen,variant,2158.32
1823,11756,3614,2025-03-20 00:09:00,Home & Kitchen,variant,4214.23
1824,11767,3617,2025-05-13 00:09:00,Fashion,control,1486.46
1825,11776,3619,2025-06-01 00:09:00,Books,control,1415.88
1826,11786,3622,2025-05-24 00:09:00,Books,variant,1022.01
1827,11788,3623,2025-05-12 00:09:00,Fashion,variant,2356.99
1828,11800,3627,2025-07-11 00:09:00,Fashion,variant,1238.06
1829,11801,3627,2025-07-06 00:09:00,Books,variant,1410.01
1830,11812,3631,2025-06-28 00:09:00,Books,control,1732.85
1831,11813,3631,2025-06-30 00:09:00,Sports,control,753.72
1832,11815,3632,2025-06-19 00:09:00,Books,variant,747.48
1833,11818,3632,2025-07-31 00:09:00,Books,variant,1043.37
1834,11821,3633,2025-04-19 00:09:00,Electronics,variant,958.97
1835,11827,3635,2025-08-12 00:09:00,Sports,variant,3189.21
1836,11833,3638,2025-05-23 00:09:00,Electronics,control,1443.6
1837,11835,3639,2025-04-15 00:09:00,Sports,variant,659.89
1838,11837,3639,2025-03-30 00:09:00,Fashion,variant,1111.18
1839,11848,3644,2025-06-05 00:09:00,Home & Kitchen,control,1978.5
1840,11850,3645,2025-08-09 00:09:00,Electronics,control,2893.36
1841,11851,3645,2025-08-23 00:09:00,Home & Kitchen,control,6076.93
1842,11853,3646,2025-07-11 00:09:00,Electronics,variant,553.06
1843,11863,3651,2025-04-04 00:09:00,Books,variant,4104.53
1844,11866,3653,2025-05-23 00:09:00,Books,control,1680.99
1845,11886,3660,2025-05-30 00:09:00,Beauty,control,2873.27
1846,11890,3661,2025-07-04 00:09:00,Sports,variant,987.28
1847,11894,3662,2025-05-15 00:09:00,Electronics,variant,2769.68
1848,11896,3663,2025-08-26 00:09:00,Fashion,variant,2992.58
1849,11905,3666,2025-05-18 00:09:00,Sports,control,2207.83
1850,11914,3668,2025-04-28 00:09:00,Books,variant,3708.25
1851,11923,3672,2025-03-20 00:09:00,Sports,variant,756.26
1852,11929,3674,2025-04-03 00:09:00,Home & Kitchen,control,1011.92
1853,11934,3676,2025-05-20 00:09:00,Beauty,variant,1200.99
1854,11942,3680,2025-07-28 00:09:00,Fashion,control,672.84
1855,11943,3680,2025-07-09 00:09:00,Electronics,control,1993.72
1856,11952,3683,2025-05-12 00:09:00,Books,control,2117.97
1857,11963,3686,2025-04-18 00:09:00,Electronics,control,456.94
1858,11976,3691,2025-06-14 00:09:00,Books,control,2581.89
1859,11977,3691,2025-07-18 00:09:00,Beauty,control,2193.78
1860,11981,3693,2025-04-22 00:09:00,Sports,control,1979.11
1861,11982,3693,2025-04-16 00:09:00,Books,control,172.13
1862,11991,3695,2025-06-08 00:09:00,Electronics,control,1646.63
1863,11996,3697,2025-04-29 00:09:00,Home & Kitchen,control,4076.42
1864,12015,3704,2025-08-20 00:09:00,Electronics,variant,1904.05
1865,12017,3705,2025-09-14 00:09:00,Books,control,1085.82
1866,12027,3711,2025-05-12 00:09:00,Sports,control,944.4
1867,12029,3711,2025-05-22 00:09:00,Electronics,control,2822.82
1868,12030,3711,2025-05-13 00:09:00,Books,control,1015.45
1869,12037,3714,2025-05-15 00:09:00,Beauty,control,1899.06
1870,12043,3716,2025-05-08 00:09:00,Electronics,control,709.52
1871,12046,3716,2025-07-15 00:09:00,Electronics,control,3688.23
1872,12048,3717,2025-06-11 00:09:00,Books,variant,2694.7
1873,12059,3720,2025-04-23 00:09:00,Sports,control,2805.97
1874,12074,3727,2025-03-28 00:09:00,Books,control,2421.48
1875,12077,3728,2025-06-28 00:09:00,Home & Kitchen,variant,1495.6
1876,12083,3730,2025-07-12 00:09:00,Home & Kitchen,variant,646.37
1877,12100,3736,2025-04-19 00:09:00,Beauty,variant,696.52
1878,12101,3736,2025-04-11 00:09:00,Beauty,variant,2291.55
1879,12109,3738,2025-07-03 00:09:00,Beauty,control,1331.58
1880,12118,3740,2025-07-26 00:09:00,Electronics,variant,1531.72
1881,12120,3741,2025-04-20 00:09:00,Beauty,variant,1657.73
1882,12126,3741,2025-05-21 00:09:00,Electronics,variant,387.35
1883,12127,3741,2025-07-21 00:09:00,Books,variant,2128.75
1884,12133,3742,2025-06-21 00:09:00,Books,variant,1352.47
1885,12137,3745,2025-04-29 00:09:00,Fashion,variant,3341.23
1886,12138,3745,2025-04-27 00:09:00,Home & Kitchen,variant,1355.03
1887,12143,3747,2025-05-30 00:09:00,Fashion,variant,2637.73
1888,12147,3749,2025-09-01 00:09:00,Fashion,control,2517.79
1889,12160,3755,2025-04-01 00:09:00,Sports,control,1511.48
1890,12164,3756,2025-05-06 00:09:00,Fashion,variant,777.35
1891,12166,3757,2025-06-28 00:09:00,Fashion,variant,1958.81
1892,12167,3757,2025-06-24 00:09:00,Electronics,variant,2335.36
1893,12168,3758,2025-06-14 00:09:00,Beauty,control,4222.73
1894,12174,3761,2025-04-29 00:09:00,Beauty,control,2472.93
1895,12183,3765,2025-05-14 00:09:00,Beauty,variant,1745.86
1896,12208,3772,2025-04-02 00:09:00,Fashion,control,1851.71
1897,12215,3775,2025-05-02 00:09:00,Electronics,variant,1878.53
1898,12220,3776,2025-05-16 00:09:00,Books,control,2379.78
1899,12222,3776,2025-05-14 00:09:00,Fashion,control,1188.19
1900,12227,3777,2025-07-12 00:09:00,Electronics,control,1728.88
1901,12230,3779,2025-08-16 00:09:00,Home & Kitchen,control,447.09
1902,12239,3782,2025-04-08 00:09:00,Books,variant,858.43
1903,12247,3785,2025-08-23 00:09:00,Fashion,variant,1849.73
1904,12252,3786,2025-06-20 00:09:00,Home & Kitchen,variant,2957.22
1905,12261,3790,2025-05-14 00:09:00,Home & Kitchen,variant,1699.95
1906,12263,3790,2025-05-11 00:09:00,Electronics,variant,2515.11
1907,12266,3791,2025-03-28 00:09:00,Beauty,control,2577.89
1908,12271,3792,2025-04-20 00:09:00,Books,variant,2457.32
1909,12275,3794,2025-06-18 00:09:00,Beauty,variant,600.67
1910,12281,3797,2025-08-07 00:09:00,Electronics,control,1075.21
1911,12291,3800,2025-03-31 00:09:00,Beauty,variant,2980.88
1912,12298,3803,2025-08-13 00:09:00,Fashion,control,1466.26
1913,12299,3804,2025-03-26 00:09:00,Home & Kitchen,variant,1582.02
1914,12307,3806,2025-09-08 00:09:00,Sports,control,1722.82
1915,12317,3808,2025-03-19 00:09:00,Home & Kitchen,control,3420.58
1916,12337,3815,2025-05-16 00:09:00,Fashion,variant,956.77
1917,12339,3816,2025-04-11 00:09:00,Fashion,variant,2390.69
1918,12342,3816,2025-08-09 00:09:00,Books,variant,1818.47
1919,12344,3816,2025-08-13 00:09:00,Home & Kitchen,variant,1680.82
1920,12346,3817,2025-05-25 00:09:00,Books,variant,1128.75
1921,12347,3817,2025-05-29 00:09:00,Sports,variant,2125.13
1922,12377,3826,2025-08-30 00:09:00,Fashion,variant,1434.88
1923,12386,3828,2025-07-03 00:09:00,Books,variant,3126.24
1924,12389,3828,2025-06-26 00:09:00,Beauty,variant,2418.45
1925,12393,3830,2025-03-15 00:09:00,Electronics,control,2196.32
1926,12397,3831,2025-08-02 00:09:00,Beauty,control,2759.6
1927,12400,3831,2025-08-26 00:09:00,Sports,control,989.63
1928,12405,3832,2025-06-27 00:09:00,Sports,control,3749.52
1929,12409,3834,2025-07-06 00:09:00,Home & Kitchen,variant,1852.22
1930,12412,3834,2025-06-20 00:09:00,Sports,variant,1515.1
1931,12414,3836,2025-07-30 00:09:00,Fashion,variant,2793.8
1932,12426,3839,2025-09-14 00:09:00,Books,variant,984.15
1933,12428,3840,2025-08-27 00:09:00,Electronics,variant,1641.03
1934,12437,3844,2025-05-01 00:09:00,Home & Kitchen,variant,1568.4
1935,12446,3846,2025-05-28 00:09:00,Electronics,control,1323.03
1936,12447,3847,2025-07-31 00:09:00,Books,variant,2447.01
1937,12448,3848,2025-06-06 00:09:00,Fashion,control,2146.99
1938,12455,3850,2025-04-13 00:09:00,Fashion,control,1473.46
1939,12458,3852,2025-03-24 00:09:00,Sports,control,3035.21
1940,12459,3852,2025-05-05 00:09:00,Electronics,control,1842.31
1941,12478,3856,2025-08-17 00:09:00,Sports,variant,2053.0
1942,12489,3860,2025-06-13 00:09:00,Electronics,variant,2206.4
1943,12490,3861,2025-06-28 00:09:00,Books,control,839.01
1944,12495,3861,2025-08-12 00:09:00,Electronics,control,1499.83
1945,12502,3863,2025-04-24 00:09:00,Sports,control,1347.46
1946,12515,3868,2025-07-09 00:09:00,Sports,variant,1199.1
1947,12517,3869,2025-05-12 00:09:00,Fashion,control,1297.03
1948,12523,3870,2025-08-03 00:09:00,Sports,variant,4456.89
1949,12533,3871,2025-07-20 00:09:00,Beauty,control,1129.4
1950,12546,3876,2025-06-19 00:09:00,Home & Kitchen,control,2819.11
1951,12558,3879,2025-08-10 00:09:00,Home & Kitchen,variant,2088.46
1952,12563,3881,2025-08-12 00:09:00,Books,variant,1789.08
1953,12569,3882,2025-05-24 00:09:00,Home & Kitchen,control,1271.61
1954,12574,3884,2025-05-12 00:09:00,Home & Kitchen,control,537.51
1955,12600,3891,2025-06-27 00:09:00,Beauty,variant,1107.31
1956,12601,3891,2025-06-16 00:09:00,Home & Kitchen,variant,1285.88
1957,12608,3893,2025-05-16 00:09:00,Home & Kitchen,variant,1529.13
1958,12616,3895,2025-06-28 00:09:00,Home & Kitchen,control,3140.78
1959,12618,3895,2025-08-03 00:09:00,Electronics,control,1409.42
1960,12622,3896,2025-08-23 00:09:00,Home & Kitchen,variant,165.06
1961,12624,3897,2025-07-07 00:09:00,Home & Kitchen,control,2448.26
1962,12632,3900,2025-08-25 00:09:00,Home & Kitchen,variant,2057.56
1963,12652,3908,2025-09-10 00:09:00,Beauty,control,1844.36
1964,12655,3909,2025-04-12 00:09:00,Sports,control,2503.78
1965,12656,3910,2025-08-04 00:09:00,Beauty,control,1738.25
1966,12657,3910,2025-08-11 00:09:00,Beauty,control,2744.28
1967,12665,3911,2025-05-25 00:09:00,Home & Kitchen,variant,2555.54
1968,12670,3912,2025-09-08 00:09:00,Electronics,control,2095.38
1969,12673,3914,2025-07-07 00:09:00,Sports,control,3534.87
1970,12680,3916,2025-04-08 00:09:00,Home & Kitchen,variant,1668.34
1971,12684,3916,2025-04-17 00:09:00,Fashion,variant,1184.74
1972,12685,3916,2025-05-18 00:09:00,Sports,variant,2136.75
1973,12686,3916,2025-08-08 00:09:00,Fashion,variant,930.28
1974,12688,3916,2025-08-03 00:09:00,Sports,variant,746.31
1975,12691,3917,2025-07-02 00:09:00,Home & Kitchen,control,1187.59
1976,12696,3918,2025-08-08 00:09:00,Beauty,variant,1678.91
1977,12697,3919,2025-03-10 00:09:00,Sports,control,1009.52
1978,12702,3921,2025-08-08 00:09:00,Home & Kitchen,variant,1583.07
1979,12712,3922,2025-07-10 00:09:00,Books,variant,492.18
1980,12725,3926,2025-06-30 00:09:00,Beauty,variant,2093.11
1981,12734,3928,2025-03-27 00:09:00,Electronics,control,1626.01
1982,12739,3929,2025-07-20 00:09:00,Beauty,variant,1964.3
1983,12768,3937,2025-07-30 00:09:00,Sports,variant,1425.04
1984,12779,3939,2025-06-30 00:09:00,Beauty,variant,753.78
1985,12785,3941,2025-07-08 00:09:00,Fashion,variant,1258.97
1986,12788,3942,2025-07-02 00:09:00,Fashion,control,3879.22
1987,12791,3943,2025-09-10 00:09:00,Electronics,variant,767.12
1988,12803,3946,2025-07-29 00:09:00,Home & Kitchen,variant,2054.14
1989,12810,3949,2025-09-10 00:09:00,Electronics,variant,3024.06
1990,12813,3950,2025-04-22 00:09:00,Sports,control,604.72
1991,12819,3952,2025-04-22 00:09:00,Home & Kitchen,variant,2829.37
1992,12825,3954,2025-05-24 00:09:00,Electronics,variant,2363.53
1993,12830,3955,2025-08-05 00:09:00,Home & Kitchen,variant,910.51
1994,12844,3960,2025-07-20 00:09:00,Electronics,control,573.57
1995,12850,3961,2025-08-28 00:09:00,Electronics,variant,3478.68
1996,12851,3962,2025-07-31 00:09:00,Books,control,781.37
1997,12867,3967,2025-07-10 00:09:00,Sports,control,1093.92
1998,12872,3969,2025-06-04 00:09:00,Beauty,control,4503.35
1999,12891,3973,2025-04-22 00:09:00,Beauty,control,1292.02
2000,12894,3974,2025-04-18 00:09:00,Sports,control,535.59
2001,12911,3980,2025-03-31 00:09:00,Books,variant,441.54
2002,12914,3981,2025-06-19 00:09:00,Home & Kitchen,variant,1508.03
2003,12916,3982,2025-04-07 00:09:00,Electronics,control,1363.8
2004,12918,3982,2025-04-23 00:09:00,Electronics,control,817.59
2005,12924,3983,2025-07-23 00:09:00,Home & Kitchen,variant,434.21
2006,12926,3984,2025-07-23 00:09:00,Electronics,variant,1498.63
2007,12939,3988,2025-03-15 00:09:00,Electronics,variant,575.94
2008,12941,3989,2025-05-12 00:09:00,Fashion,variant,1061.58
2009,12947,3991,2025-07-22 00:09:00,Electronics,variant,952.92
2010,12952,3991,2025-07-15 00:09:00,Electronics,variant,887.85
2011,12968,3998,2025-08-25 00:09:00,Home & Kitchen,control,626.47
